cluster_id,cluster_size,medoid,medoid_explain,label_existing,label_proposed,member_explains
1,36,f1477810,Males_40_64_without_Health_Insurance,,Health Insurance Coverage by Sex and Age,Males_40_64_without_Health_Insurance; %_Males_40_64_without_Health_Insurance; Males_18_64_without_Health_Insurance; %_Males_18_64_without_Health_Insurance; Females_40_64_without_Health_Insurance; Females_18_64_without_Health_Insurance; Males_18_64_with_Health_Insurance; Males_40_64_with_Health_Insurance; Females_18_64_with_Health_Insurance; Females_<65_without_Health_Insurance; %_Females_<65_without_Health_Insurance; Females_40_64_with_Health_Insurance; Males_<65_without_Health_Insurance; %_Males_<65_without_Health_Insurance; Females_<65_with_Health_Insurance; %_Female_40_64_without_Health_Insurance; %_Female_18_64_without_Health_Insurance; Males_<65_with_Health_Insurance
2,16,f1476110,Personal_Persons_18_64_with_Health_Insurance,,"Health Insurance Coverage, Persons by Age",Personal_Persons_18_64_with_Health_Insurance; Personal_Persons_18_64_without_Health_Insurance; Personal_Persons_<65_without_Health_Insurance; Personal_Persons_40_64_without_Health_Insurance; Personal_Persons_40_64_with_Health_Insurance; Personal_Persons_<19_without_Health_Insurance; Personal_Persons_<65_with_Health_Insurance; Personal_Persons_<19_with_Health_Insurance
3,35,f1548518,#_<65_no_Health_Insurance_<,,Uninsured and Insured Under-65 Estimates,#_<65_no_Health_Insurance_<; %_<65_no_Health_Insurance_<; #18_64_no_Health_Insurance_<; %18_64_no_Health_Insurance_<; %_18_64_without_Health_Insurance; #_<19_no_Health_Insurance_<; %_<19_no_Health_Insurance_<; #_<19_with_Health_Insurance_<; %_<19_without_Health_Insurance; #18_64_with_Health_Insurance_<; #_<65_with_Health_Insurance_<; %_40_64_without_Health_Insurance; %_<65_without_Health_Insurance
4,14,f1477610,Males_40_64_Years,,Population Counts by Sex and Working Age,Males_40_64_Years; Males_18_64_Years; Females_40_64_Years; Females_18_64_Years; Females_<65_Years; Males_<65_Years; #_Females_Over_15_Years; Population_65+
5,19,f1548718,Persons_<65_<,,Population Counts by Broad Age Group,Persons_<65_<; Persons_18_64_Years; Persons_<19_<; Persons_18_64_<; Persons_40_64_Years; Persons_<19_Years; Persons_<65_Years; Persons_25+_Years; Population_(Persons)
6,42,f1445814,Personal_Persons_25+_with_<High_School_Diploma_Other_Race,,Educational Attainment Counts by Race and Ethnicity,Personal_Persons_25+_with_<High_School_Diploma_Other_Race; %_Personal_Persons_25+_with_<High_School_Diploma_Other_Race; Personal_Persons_25+_with_High_School_Diploma_more_2+_Race; Personal_Persons_25+_with_High_School_Diploma_more_Other_Race; %_Personal_Persons_25+_with_High_School_Diploma+_Other_Race; Personal_Persons_25+_with_High_School_Diploma_or_more_White; %_Personal_Persons_25+_with_High_School_Diploma_or_more_White; Personal_Persons_25+_with_<High_School_Diploma_White_non_Hispanic; %_Personal_Persons_25+_with_<High_School_Diploma_White_non_Hispanic; Personal_Persons_25+_with_<High_School_Diploma_2+_Races; %_Personal_Persons_25+_with_<High_School_Diploma_2+_Races; %_Personal_Persons_25+_with_High_School_Diploma+_2+_Races; Personal_Persons_25+_with_<High_School_Diploma_White; %_Personal_Persons_25+_with_<High_School_Diploma_White; Personal_Persons_25+_with_<High_School_Diploma_Black_African_American; %_Personal_Persons_25+_with_<High_School_Diploma_Black_African_American; %_Personal_Persons_25+_with_High_School_Diploma+_White_non_Hispanic; %_Personal_Persons_25+_with_High_School_Diploma+_Hispanic_Latino; Personal_Persons_25+_with_<High_School_Diploma_Hispanic_Latino; %_Personal_Persons_25+_with_<High_School_Diploma_Hispanic_Latino
7,32,f1447014,Per_25+_with_High_School_Diploma_more_White_non_Hispanic,,Educational Attainment Percentages by Race,Per_25+_with_High_School_Diploma_more_White_non_Hispanic; Per_25+_with_4+_Year_College_White_non_Hispanic; %Per_25+_with_4+_Years_College_White_non_Hispanic; Persons_25+_with_High_School_Diploma_or_More; %_Persons_25+_with_High_School_Diploma_or_more; %_Persons_25+_with_<High_School_Diploma; Persons_25+_Years_with_<High_School_Diploma; Persons_25+_Years_White_non_Hispanic; %Per_25+_with_4+_Years_College_Hispanic_Latino; %Per_25+_with_High_School_Diploma_or_more_Black_African_American; %Per_25+_with_High_School_Diploma_or_more_Asian; Persons_25+_with_4+_Years_College; %_Persons_25+_with_4+_Years_College; Per_25+_with_4+_Years_College_Other_Race; %Per_25+_with_4+_Years_College_Other_Race; Persons_25+_Years_White; %Per_25+_with_High_School_Diploma_or_more_Native_Hawaiian_Pacific_Islander; Nonveterans_25+_with_<_High_School_Diploma; Per_25+_with_4+_Years_College_Hispanic_L; %Per_25+_with_High_School_Diploma_or_more_American_Indian_Alaska_Native
8,11,f1195316,3_Year_Mortality_Age_35_44_Years,,Three-Year Mortality Counts by Age,3_Year_Mortality_Age_35_44_Years; 3_Year_Mortality_Age_25_34_Years; 3_Year_Mortality_Age_45_54_Years; 3_Year_Mortality_Age_55_64_Years; 3_Year_Mortality_Age_65_74_Years; 3_Year_Mortality_Age_15_24_Years; 3_Year_Mortality_Age_75_84_Years; 3_Year_Mortality_Age_1_4_Years; 3_Year_Mortality_Age_5_14_Years; 3_Year_Mortality_Age_85+_Years; 3_Year_Mortality_Age_<_1_Year
9,12,f1316516,3_Year_Other_Cardiovas_Disease,,Three-Year Cause-of-Death Counts,3_Year_Other_Cardiovas_Disease; 3_Year_Ischemic_Heart_Disease; 3_Year_Chronic_Lower_Respiratory_Disease; 3_Year_Cerebrovascular_Disease; 3_Year_Chronic_Liver_Disease&Cirrhosis; 3_Year_Infectious_&_Parasitic._Disease; 3_Year_Malignant_Neoplasms; 3_Year_Diabetes; 3_Year_Influenza_&_Pneumonia; #_Hospital_with_American_Community_Survey_Cancer_Program_Approved; #_Hospital_with_Chemotherapy
10,18,f1255016,3_Year_Black_Female_Births,,Three-Year Births by Race and Birth Weight,3_Year_Black_Female_Births; 3_Year_White_Female_Births; 3_Year_Other_Births; 3_Year_Black_Male_Births; 3_Year_Black_Births; 3_Year_White_Low_Birth_Weight_Birth; 3_Year_Black_Low_Birth_Weight_Birth; 3_Year_Other_Female_Births; 3_Year_Other_Low_Birth_Weight_Birth; 3_Year_Other_Male_Births; 3_Year_White_Births; 3_Year_White_Male_Births; 3_Year_Very_Low_Birth_Weight_Births; 3_Year_Births_Preterm; 3_Year_Births_to_Unmarried_Mother; 3_Year_Total_Low_Birth_Weight_Birth; 3_Year_Total_Births; 3_Year_Births_to_Teens_<_18_Years
11,30,f1192616,3_Year_Black_Male_Infant_Deaths,,"Three-Year Deaths, Infant Mortality and External Causes",3_Year_Black_Male_Infant_Deaths; 3_Year_White_Female_Infant_Deaths; 3_Year_Black_Female_Infant_Deaths; 3_Year_White_Male_Infant_Deaths; 3_Year_Other_Male_Infant_Deaths; 3_Year_Other_Female_Infant_Deaths; 3_Year_Black_Female_Deaths; 3_Year_Black_Male_Deaths; 3_Year_Hispanic_Female_Infant_Death; 3_Year_White_Female_Deaths; 3_Year_Hispanic_Male_Infant_Death; 3_Year_Hispanic_Female_Deaths; 3_Year_Hispanic_Male_Deaths; 3_Year_Other_Male_Deaths; 3_Year_Other_Female_Deaths; 3_Year_Deaths_From_Other_Causes; 3_Year_White_Male_Deaths; 5_Year_Infant_Mortality_Rate_Non_White; 5_Year_Infant_Mortality_Rate_White; 3_Year_Total_Deaths
12,24,f1459914,#_16+_Workers_15_19_min_to_Work,,Worker Commute Time and Means of Transportation,#_16+_Workers_15_19_min_to_Work; #_16+_Workers_20_29_min_to_Work; #_16+_Workers_5_9_min_to_Work; #_16+_Workers_45_59_min_to_Work; #_16+_Workers_10_14_min_to_Work; #_16+_Workers_30_44_min_to_Work; #_16+_Workers_60_89_min_to_Work; #_16+_Workers_<_5_min_to_Work; #_16+_Workers_Other_Means_of_Transportation; #_16+_Workers_90+_min_to_Work; #_Workers_16_and_Over; #_16+_Workers_Walk_to_Work; #_16+_Workers_Private_Salaried; #_16+_Workers_Work_at_Home; #_16+_Workers_Carpool; #_16+_Workers_Local_Government.; #_16+_Workers_Self_Employed; #_16+_Workers_Government.; #_16+_Workers_State_Government.; #_16+_Workers_Federal_Government.
13,13,f1255718,Total_Births,,"County Births, Deaths and Population Estimates",Total_Births; Number_Unemployed_16+; Number_Employed_16+; Total_Deaths; Population_Estimate; Population_Estimate_65+; Population_Total_Male; Population_Total_Female; Total_Births_In_Hospitals; Population_Estimate_in_Group_Quarters; Unemployment_Rate_16+; Population_in_Group_Quarters; Population_in_Noninstitional_Group_Quarter
14,16,f0482018,Total_M.D.'s_Male,,"Total Active Physician Counts, MD and DO",Total_M.D.'s_Male; Total_M.D.'s_Female; Total_M.D.'s_<_35; Total_M.D.'s_35_44; Total_M.D.'s_45_54; Total_M.D.'s_55_64; Total_M.D.'s_65_74; Total_M.D.'s_75_+; Total_Active_M.D.s_Non_Federal; Total_M.D.'s_Total_Non_Federal; Total_Active_M.D.s_Non_Federal_&_Federal; Total_M.D.'s_Total_Non_Federal_&_Federal; Total_Active_D.O.s_Federal; Total_Active_D.O.s_Non_Federal; Total_Active_D.O.s_Non_Federal_&_Federal; M.D.'s_Total_Inactive
15,12,f0954118,Distribution_Hospital_By_15_24_Services,,Hospital Distribution by Service Count and Utilization,Distribution_Hospital_By_15_24_Services; Distribution_Hospital_By_00_04_Services; Distribution_Hospital_By_05_14_Services; Distribution_Hospital_By_60_79%_Utilization_Rate; Distribution_Hospital_By_40_59%_Utilization_Rate; Distribution_Hospital_By_00_39%_Utilization_Rate; Distribution_Hospital_By_25+_Services; Distribution_Hospital_By_80+%_Utilization_Rate
16,10,f0959618,Total_Reporting_Facility_Expense_(1000's),,Facility Expense and Payroll Reporting,Total_Reporting_Facility_Expense_(1000's); #_Facility_Reporting_Payroll_Expense; #_Facilities_Reporting_Expense; Total_Reporting_Payroll_Expense(1000's)
17,13,f04110,Contiguous_County_#_10,,Contiguous County Adjacency Identifiers,Contiguous_County_#_10; Contiguous_County_#_9; Contiguous_County_#_11; Contiguous_County_#_2; Contiguous_County_#_3; Contiguous_County_#_13; Contiguous_County_#_7; Contiguous_County_#_8; Contiguous_County_#_12; Contiguous_County_#_4; Contiguous_County_#_1; Contiguous_County_#_6; Contiguous_County_#_5
18,27,f1397315,Economic_Dependent_Typology_Code,,County Economic Typology and Region Codes,Economic_Dependent_Typology_Code; Federal_State_Government_Dependent_Typology_Code; High_Poverty_Typology_Code; Bureau_of_Economic_Analysis_Component_Economic_Area_Code; Bureau_of_Economic_Analysis_Economic_Area_Code; Low_Education_Typology_Code; Persistent_Poverty_Typology_Code; Rural_Urban_Continuum_Code; Census_Region_Code; Low_Employment_Typology_Code; Persistent_Child_Poverty_Typology_Code; Census_Division_Code; Nonspecializd_Dependent_Typology_Code; Federal_Region_Code; Recreation_Typology_Code; Metropolitan_Division_Code; Federal_Information_Processing_Standards_County_Code; Farming_Dependent_Typology_Code; Bureau_of_Economic_Analysis_Economic_Area_Name; Bureau_of_Economic_Analysis_Component_Economic_Area_Name
19,13,f1389120,Core_Based_Statistical_Area_Code(Core_Based_Statistical_Area),,"Geographic Area, Density and Statistical Area Codes",Core_Based_Statistical_Area_Code(Core_Based_Statistical_Area); Combined_Statistical_Area_Name; Total_Area_in_Square_Miles; Core_Based_Statistical_Area_Name(Core_Based_Statistical_Area); Land_Area_in_Square_Miles; Core_Based_Statistical_Area_Indicator_Code; Combined_Statistical_Area_Code; Core_Based_Statistical_Area_County_Status; Housing_Unit_Density_per_Square_Male; Water_Area_in_Square_Miles; Population_Density_per_Square_Mile; Annual_Average_Particulate_Matter_2.5; Elevation_Feet
20,7,f1526419,#_Days_Air_Quality_is_Measured,,Air Quality and Environmental Toxic Sites,#_Days_Air_Quality_is_Measured; #Days_Measured_Air_Quality_Good; %_Good_Air_Quality_Days; Days_with_8_hour_Average_Ozone_over_National_Ambient_Air_Quality_Standards; #Designated_Toxic_Site_Not_Under_Control; #Designated_Toxic_Site_with_Insufficient_Data; #_Designted_Toxic_Site_Under_Control
21,14,f0884310,#_Occupied_Housing_Units,,"Housing Units, Tenure and Occupancy",#_Occupied_Housing_Units; %_Owner_Occupied_Housing_Units; #_Owner_Occupied_Housing_Units; Population_in_Occupied_Housing_Units; #_Vacant_Housing_Units; Percent_Urban_Housing_Units; Housing_Units; #_Occupied_Housing_Unit_with_Phone_Service; %_Occupied_Housing_Unit_with_Phone_Service; #_Occupied_Housing_Unit_with_no_Fuel_Used; %_Occupied_Housing_Unit_with_no_Fuel_Used; Housing_Units_Estimates; %_Units_with_More_Than_1_Person_Room
22,9,f1460714,%_Working_State_Not_County_of_Resident,,Commuting Across County and State Lines,%_Working_State_Not_County_of_Resident; #_Working_State_Not_County_of_Resident; %_Working_State_County_of_Resident; #_Working_State_County_of_Resident; %_Working_Outside_State_of_Resident; #_Working_Outside_State_of_Resident; Work_in_Principal_City_of_Metropolitan_Area_Resident; Work_in_Principal_City_of_Micropolitan_Area_Resident; #_Reporting_Place_of_Work
23,24,f1458314,#_Manufacturing_Workers,,Industry Employment and Workforce Composition,#_Manufacturing_Workers; Percent_Workers_in_Other_Industry; #_Construction_Workers; #_Workers_in_Other_Industries; #_Hospital_with_Meal_Delivery_Services; Bassinets_Set_Up_&_Staffed; #_Hospital_with_Swing_Bed_Services; #_Hospital_with_Linguistic_Translation_Service; #_Hospital_with_Auxiliary_Services; Percent_Construction; #_Agriculture_Forest_Fish_Hunt_Mine_Work; #_Non_English_Speaking_Persons_5_17; #_Non_English_Speaking_Persons_18+; #_Population_Did_Not_Work_16_64; %_Population_Did_Not_Work_16_64; Percent_Manufacturing; Percent_Agriculture_Forest_Fish_Hunt_Mine; #_Hospital_with_C.T._Scanner; #_Hospital_with_Enabling_Services; #_Hospital_with_Electrodiagnostic_Service
24,66,f1456814,White_non_Hispanic_Employed_Female_Civilian_Labor_Force,,"Civilian Labor Force by Race, Sex and Status",White_non_Hispanic_Employed_Female_Civilian_Labor_Force; White_non_Hispanic_Female_Civilian_Labor_Force; Other_Race_Unemployed_Female_Civilian_Labor_Force; White_non_Hispanic_Employed_Civilian_Labor_Force; Other_Race_Unemployed_Civilian_Labor_Force; White_Unemployed_Female_Civilian_Labor_Force; White_non_Hispanic_Unemployed_Civilian_Labor_Force; Other_Race_Employed_Female_Civilian_Labor_Force; White_non_Hispanic_Civilian_Labor_Force; White_Employed_Female_Civilian_Labor_Force; Other_Race_Employed_Civilian_Labor_Force; Hispanic_Employed_Female_Civilian_Labor_Force; White_Unemployed_Civilian_Labor_Force; Hispanic_Unemployed_Female_Civilian_Labor_Force; Other_Race_Civilian_Labor_Force; Asian_Employed_Female_Civilian_Labor_Force; Other_Race_Female_Civilian_Labor_Force; White_Employed_Civilian_Labor_Force; Hispanic_Latino_Female_Civilian_Labor_Force; Hispanic_Employed_Civilian_Labor_Force
25,16,f1437114,#_Native_Hawaiian_Pacific_Islander_Household_Income_<_$10_000,,Pacific Islander and Native Income and Poverty,#_Native_Hawaiian_Pacific_Islander_Household_Income_<_$10_000; #_American_Indian_Alaska_Native_Household_Income_<_$10_000; #_Native_Hawaiian_Pacific_Islander_Household_Income_$10_000_14_999; #_Native_Hawaiian_Pacific_Islander_Household_Income_$50_000_99_999; #_Native_Hawaiian_Pacific_Islander_Household_Income_$25_000_49_999; #American_Indian_Alaska_Native_Household_Income$50_000_99_999; #American_Indian_Alaska_Native_Household_Income$10_000_14_999; #American_Indian_Alaska_Native_Household_Income$25_000_49_999; #_Native_Hawaiian_Pacific_Islander_Household_Income_$15_000_24_999; #_American_Indian_Alaska_Native_Household_Income_$100_000+; #American_Indian_Alaska_Native_Household_Income$15_000_24_999; #_Native_Hawaiian_Pacific_Islander_Household_Income_$100_000+; Native_Hawaiian_Pacific_Islander_Below_Poverty_Level; American_Indian_Alaska_Native_with_Poverty_Status_Determined; Native_Hawaiian_Pacific_Islander_with_Poverty_Status_Determined; American_Indian_Alaska_Native_Below_Poverty_Level
26,48,f1439614,#White_non_Hispanic_Household_Income$10_000_14_999,,Household Income Brackets by Race and Ethnicity,#White_non_Hispanic_Household_Income$10_000_14_999; #White_non_Hispanic_Household_Income_$100_000+; #White_non_Hispanic_Household_Income$50_000_99_999; #White_non_Hispanic_Household_Income$15_000_24_999; #_White_Households_Income_$25_000_49_999; #White_non_Hispanic_Household_Income$25_000_49_999; #_White_Households_Income_$50_000_99_999; #White_non_Hispanic_Household_Income_<_$10_000; #_White_Households_Income_$15_000_24_999; #_White_Households_Income_$10_000_14_999; #Other_Race_Household_Income$10_000_14_999; #Other_Race_Household_Income$50_000_99_999; #Other_Race_Household_Income$15_000_24_999; #Other_Race_Household_Income$25_000_49_999; #_Black_African_American_Household_Income_$25_000_49_999; #Hispanic_Latino_Household_Income$10_000_14_999; #Hispanic_Latino_Household_Income$50_000_99_999; #Hispanic_Latino_Household_Income$25_000_49_999; #_Other_Race_Household_Income_<_$10_000; #Hispanic_Latino_Household_Income$15_000_24_999
27,38,f1441914,#_Persons_Below_Poverty_Level,,"Poverty Status by Race, Age and Family",%_Persons_Below_Poverty_Level; #_Persons_Below_Poverty_Level; #_Persons_65+_in_Deep_Poverty; %_Persons_65+_in_Deep_Poverty; %_Families_Below_Poverty_Level; #_Families_Below_Poverty_Level; Persons_in_Poverty; Percent_Persons_in_Poverty; Persons_Age_0_17_in_Poverty; Percent_Persons_Age_0_17_in_Poverty; Related_Child_Below_Poverty_Level; #_<_18_with_Poverty_Status_Determined; #_Personal_Persons_with_Poverty_Status_Determined; #_Family_with_Poverty_Level_Reported; White_Below_Poverty_Level; White_non_Hispanic_Below_Poverty_Level; #_Children_<_18_in_Deep_Poverty; %_Children_<_18_in_Deep_Poverty; Asian_with_Poverty_Status_Determined; #_Persons_in_Deep_Poverty
28,15,f1546519,Enrollment_Household_Income>250%_to_300%of_Federal_Poverty_Level,,Income Support Programs and Marketplace Enrollment,Enrollment_Household_Income>250%_to_300%of_Federal_Poverty_Level; Market_Enrollment_Household_Income_<100%_of_Federal_Poverty_Level; Enrollment_Household_Income>200%_to_250%of_Federal_Poverty_Level; Enrollment_Household_Income>150%_to_200%of_Federal_Poverty_Level; Enrollment_Household_Income>300%_to_400%of_Federal_Poverty_Level; Market_Enrollment_Household_Income_>400%_of_Federal_Poverty_Level; Enrollment_Household_Income_100%_to_150%of_Federal_Poverty_Level; Marketplace_Enrollment_Other_Federal_Poverty_Level; Marketplace_Enrollment_Other_Household_Income; Marketplace_Enrollment_Household_Income_Unknown; Households_with_Public_Assistance_Income; Households_with_Supplemental_Security_Income(Supplemental_Security_Income); Households_with_Social_Security_Income; Food_Stamp_Supplemental_Nutrition_Assistance_Program_Recipients; Enrollment_No_Financial_Assistant_Requested
29,17,f1322618,Median_Household_Income,,"Median Income, Rent, Home Value and Poverty Ratios",Median_Household_Income; Ratio_of_Income_to_Poverty_Level_1.5_1.84; Ratio_of_Income_to_Poverty_Level_1.0_1.24; Ratio_of_Income_to_Poverty_Level_1.25_1.49; Ratio_of_Income_to_Poverty_Level_.5_.99; Ratio_of_Income_to_Poverty_Level_2.0+; Ratio_of_Income_to_Poverty_Level_1.85_1.99; Ratio_of_Income_to_Poverty_level_<_0.5; Median_Family_Income; Average_Household_Size; Median_Gross_Rent; Per_Capita_Personal_Income; Average_Family_Size; Median_Home_Value; Personal_Income_(by_Resident)_(1000's); Number_Households
30,20,f1367600,Census_Urban_Population,,Urban and Rural Population and Housing,Census_Urban_Population; Census_Urbanized_Areas_Population; Census_Rural_Population; Census_Urban_Clusters_Population; Census_Urbanized_Areas_Housing; Census_Population; Percent_Urban_Population; Census_Urban_Housing_Units; Census_Population_(Hundreds); Census_Rural_Housing_Units; Rural_Nonfarm_Population; Census_Urban_Clusters_Housing; Rural_Farm_Population
31,25,f1345710,Percent_Asian_Population,,Asian Detailed Ancestry Population,Asian_Population; Percent_Asian_Population; Asian_Other_Unspecified_Population; Asian_Other_Population; Asian_Thai_Population; Asian_Filipino_Population; Asian_Cambodian_Population; Asian_Vietnamese_Population; Asian_Non_Hispanic_Population; Percent_Asian_Non_Hispanic_Population; Asian_Asian_Indian_Population; Asian_Korean_Population; Asian_Malaysian_Population; Asian_Bangladeshi_Population; Asian_Laotian_Population; Asian_Japanese_Population; Asian_Hmong_Population; Asian_Taiwanese_Population; Asian_Indonesian_Population; Asian_Bhutanese_Population
32,9,f1358310,Micronesian_Other_Population,,Pacific Islander Detailed Ancestry Population,Micronesian_Other_Population; Polynesian_Other_Population; Polynesian_Tongan_Population; Polynesian_Samoan_Population; Micronesian_Marshallese_Population; Polynesian_Native_Hawaiian_Population; Melanesian_Fijian_Population; Micronesian_Guamanian_Chamorro_Population; Melanesian_Other_Population
33,16,f0453510,Some_Other_Race_Population,,Race and Ethnicity Population Shares,Some_Other_Race_Population; Total_Population_One_Race; Percent_Total_Population_One_Race; Some_Other_Race_Non_Hispanic_Population; Percent_Two+_Race_Non_Hispanic_Population; Two_or_more_Races_Population; Two_or_more_Races_Non_Hispanic_Population; White_Population; Percent_White_Population; Percent_Two_or_more_Race_Population; Percent_Some_Other_Non_Hispanic_Population; Percent_Foreign_Born_Population; Foreign_Born_Population; Percent_Some_Other_Population; #_White_Households; #_White_Families
34,30,f1350110,Median_Age_Other_Race,,Median Age by Race and Ethnicity,Median_Age_Other_Race; Median_Age_Other_Race_Male; Median_Age_Other_Race_Female; Median_Age_White; Median_Age_White_Male; Median_Age_White_Female; Median_Age_White_Non_Hispanic; Median_Age_White_Non_Hispanic_Male; Median_Age_White_Non_Hispanic_Female; Median_Age_Black_African_American; Median_Age_Black_African_American_Male; Median_Age_Black_African_American_Female; Median_Age_Two+_Races_Male; Median_Age_Two+_Races_Female; Median_Age_Asian; Median_Age_Asian_Male; Median_Age_Asian_Female; Median_Age_Hispanic_Latino; Median_Age_Hispanic_Latino_Male; Median_Age_Hispanic_Latino_Female
35,38,f1347310,#_Single_Parent_Household_Other_Race,,Household and Family Structure by Race,#_Single_Parent_Household_Other_Race; #_Single_Parent_Household_Two+_Races; #Some_Other_Race_Households_with_Husband_Wife_Family; #_Single_Parent_Household_White_non_Hispanic; #Two_+_Races_Households_with_Husband_Wife_Family; #_Hispanic_Latino_Household_with_Husband_Wife_Family; #_Single_Parent_Households_White; #_White_Household_with_Husband_Wife_Family; #_White_not_Hispanic_Household_with_Husband_Wife_Family; #_Single_Parent_Household_Hispanic_Latino; #_Asian_Household_with_Husband_Wife_Family; #_Single_Parent_Households; #_Two_or_more_Races_Households; #_Single_Parent_Households_Asian; #_Households_with_2_Persons; #_Households_with_1_Persons; #_Some_Other_Race_Households; #_White_not_Hispanic_Latino_Households; #_Households_with_4_Persons; #_Hispanic_Latino_Households
36,39,f1337210,Population_Native_Hawaii_Other_Pacific_Islander_Male_<_5,,Native Hawaiian and Pacific Islander Population,Population_Native_Hawaii_Other_Pacific_Islander_Male_<_5; Population_Native_Hawaii_Other_Pacific_Islander_Female_<_5; Population_Native_Hawaii_Other_Pacific_Islander_Male_5_9; Population_Native_Hawaii_Other_Pacific_Islander_Female_5_9; Population_Native_Hawaii_Other_Pacific_Islander_Male_10_14; Population_Native_Hawaii_Other_Pacific_Islander_Female_10_14; Population_Native_Hawaii_Other_Pacific_Islander_Male_15_19; Population_Native_Hawaii_Other_Pacific_Islander_Female_15_19; Population_Native_Hawaii_Other_Pacific_Islander_Male_20_24; Population_Native_Hawaii_Other_Pacific_Islander_Female_20_24; Population_Native_Hawaii_Other_Pacific_Islander_Male_25_29; Population_Native_Hawaii_Other_Pacific_Islander_Female_25_29; Population_Native_Hawaii_Other_Pacific_Islander_Male_30_34; Population_Native_Hawaii_Other_Pacific_Islander_Female_30_34; Population_Native_Hawaii_Other_Pacific_Islander_Male_35_44; Population_Native_Hawaii_Other_Pacific_Islander_Female_35_44; Population_Native_Hawaii_Other_Pacific_Islander_Male_45_54; Population_Native_Hawaii_Other_Pacific_Islander_Female_45_54; Population_Native_Hawaii_Other_Pacific_Islander_Male_55_59; Population_Native_Hawaii_Other_Pacific_Islander_Female_55_59
37,42,f1353810,American_Indian_Paiute_Population,,American Indian Tribal Population Detail,American_Indian_Paiute_Population; American_Indian_Cherokee_Population; American_Indian_Pueblo_Population; American_Indian_Tribe_Unspecified_Population; American_Indian_Sioux_Population; American_Indian_All_Other_Tribes_Population; American_Indian_Navajo_Population; American_Indian_Shoshone_Population; American_Indian_Chippewa_Population; American_Indian_Central_American_Population; American_Indian_Choctaw_Population; American_Indian_Cheyenne_Population; American_Indian_Iroquois_Population; American_Indian_Apache_Population; American_Indian_Cree_Population; American_Indian_Ute_Population; American_Indian_Creek_Population; American_Indian_Chickasaw_Population; American_Indian_Mexican_American_Population; American_Indian_Spanish_American_Population
38,30,f1149310,Population_American_Indian_Alaska_Native_Male_<_5,,American Indian and Alaska Native Population by Age and Sex,Population_American_Indian_Alaska_Native_Male_<_5; Population_American_Indian_Alaska_Native_Female_<_5; Population_American_Indian_Alaska_Native_Male_5_9; Population_American_Indian_Alaska_Native_Female_5_9; Population_American_Indian_Alaska_Native_Male_10_14; Population_American_Indian_Alaska_Native_Female_10_14; Population_American_Indian_Alaska_Native_Male_15_19; Population_American_Indian_Alaska_Native_Female_15_19; Population_American_Indian_Alaska_Native_Male_20_24; Population_American_Indian_Alaska_Native_Female_20_24; Population_American_Indian_Alaska_Native_Male_25_29; Population_American_Indian_Alaska_Native_Female_25_29; Population_American_Indian_Alaska_Native_Male_30_34; Population_American_Indian_Alaska_Native_Female_30_34; Population_American_Indian_Alaska_Native_Male_35_44; Population_American_Indian_Alaska_Native_Female_35_44; Population_American_Indian_Alaska_Native_Male_45_54; Population_American_Indian_Alaska_Native_Female_45_54; Population_American_Indian_Alaska_Native_Male_55_59; Population_American_Indian_Alaska_Native_Female_55_59
39,18,f0453310,American_Indian_Alaska_Native_Population,,American Indian and Alaska Native Population and Tribes,American_Indian_Alaska_Native_Population; Percent_American_Indian_Alaska_Native_Population; American_Indian_Alaska_Tribe_Unspecified_Population; Alaska_Native_Tribe_Unspecified_Population; Alaska_Native_Aleutian_Population; Alaska_Native_Inupiat_Population; American_Indian_Alaska_Native_Non_Hispanic_Population; Percent_American_Indian_Alaska_Native_Non_Hispanic_Population; #_American_Indian_Alaska_Native_Households; #_American_Indian_Alaska_Native_Families; Alaska_Native_Yup'ik_Population; Alaska_Native_Alaska_Athabascan_Population; Persons_25+_Years_American_Indian_Alaska_Native; Alaska_Native_Tsimshian_Population; Alaska_Native_Tlingit_Haida_Population; #American_Indian_Alaska_Native_Native_with_Husband_Wife_Family; #_Single_Parent_Households_American_Indian_Alaska_Native; American_Indian_Puget_Sound_Salish_Population
40,15,f0481318,Unspecified_Total,,Unspecified Physician Specialty Counts,Unspecified_Total; Unspecified_Patient_Care_Office_Based; Unspecified_Patient_Care_Hospital_Full_Time_Staff; Unspecified_<_35; Unspecified_35_44; Unspecified_45_54; Unspecified_55_64; Unspecified_Administration; Unspecified_Teaching; Unspecified_Other; Unspecified_Total_Patient_Care; Unspecified_Research; Unspecified_65_74; Unspecified_75_+; Unspecified_Patient_Care_Hospital_Residents
41,28,f0670410,Population_Male_<_5,,Total Population by Age and Sex,Population_Male_<_5; Population_Female_<_5; Population_Male_5_9; Population_Female_5_9; Population_Male_10_14; Population_Female_10_14; Population_Male_15_19; Population_Female_15_19; Population_Male_20_24; Population_Female_20_24; Population_Male_25_29; Population_Female_25_29; Population_Male_30_34; Population_Female_30_34; Population_Male_35_44; Population_Female_35_44; Population_Male_45_54; Population_Female_45_54; Population_Male_55_59; Population_Female_55_59
42,30,f1334410,Population_Asian_Male_<_5,,Asian Population by Age and Sex,Population_Asian_Male_<_5; Population_Asian_Female_<_5; Population_Asian_Male_5_9; Population_Asian_Female_5_9; Population_Asian_Male_10_14; Population_Asian_Female_10_14; Population_Asian_Male_15_19; Population_Asian_Female_15_19; Population_Asian_Male_20_24; Population_Asian_Female_20_24; Population_Asian_Male_25_29; Population_Asian_Female_25_29; Population_Asian_Male_30_34; Population_Asian_Female_30_34; Population_Asian_Male_35_44; Population_Asian_Female_35_44; Population_Asian_Male_45_54; Population_Asian_Female_45_54; Population_Asian_Male_55_59; Population_Asian_Female_55_59
43,30,f0851710,Population_White_Female_<_5,,White Population by Age and Sex,Population_White_Female_<_5; Population_White_Female_60_64; Population_White_Male_<_5; Population_White_Male_60_64; Population_White_Male_5_9; Population_White_Female_5_9; Population_White_Male_10_14; Population_White_Female_10_14; Population_White_Male_15_19; Population_White_Female_15_19; Population_White_Male_20_24; Population_White_Female_20_24; Population_White_Male_25_29; Population_White_Female_25_29; Population_White_Male_30_34; Population_White_Female_30_34; Population_White_Male_35_44; Population_White_Female_35_44; Population_White_Male_45_54; Population_White_Female_45_54
44,28,f1154510,Population_Some_Other_Race_Male_<_5,,Some Other Race Population by Age and Sex,Population_Some_Other_Race_Male_<_5; Population_Some_Other_Race_Female_<_5; Population_Some_Other_Race_Male_5_9; Population_Some_Other_Race_Female_5_9; Population_Some_Other_Race_Male_10_14; Population_Some_Other_Race_Female_10_14; Population_Some_Other_Race_Male_15_19; Population_Some_Other_Race_Female_15_19; Population_Some_Other_Race_Male_20_24; Population_Some_Other_Race_Female_20_24; Population_Some_Other_Race_Male_25_29; Population_Some_Other_Race_Female_25_29; Population_Some_Other_Race_Male_30_34; Population_Some_Other_Race_Female_30_34; Population_Some_Other_Race_Male_35_44; Population_Some_Other_Race_Female_35_44; Population_Some_Other_Race_Male_45_54; Population_Some_Other_Race_Female_45_54; Population_Some_Other_Race_Male_55_59; Population_Some_Other_Race_Female_55_59
45,30,f1340410,Population_Two_or_more_Race_Male_10_14,,Multiracial Population by Age and Sex,Population_Two_or_more_Race_Male_10_14; Population_Two_or_more_Race_Female_10_14; Population_Two_or_more_Race_Male_15_19; Population_Two_or_more_Race_Female_15_19; Population_Two_or_more_Race_Male_20_24; Population_Two_or_more_Race_Female_20_24; Population_Two_or_more_Race_Male_25_29; Population_Two_or_more_Race_Female_25_29; Population_Two_or_more_Race_Male_30_34; Population_Two_or_more_Race_Female_30_34; Population_Two_or_more_Race_Male_35_44; Population_Two_or_more_Race_Female_35_44; Population_Two_or_more_Race_Male_45_54; Population_Two_or_more_Race_Female_45_54; Population_Two_or_more_Race_Male_55_59; Population_Two_or_more_Race_Female_55_59; Population_Two_or_more_Race_Male_60_64; Population_Two_or_more_Race_Female_60_64; Population_Two_or_more_Race_Male_65_74; Population_Two_or_more_Race_Female_65_74
46,41,f0852710,Population_Black_African_American_Female_<_5,,Black or African American Population by Age and Sex,Population_Black_African_American_Female_<_5; Population_Black_African_American_Female_60_64; Population_Black_African_American_Male_<_5; Population_Black_African_American_Male_60_64; Population_Black_African_American_Male_5_9; Population_Black_African_American_Female_5_9; Population_Black_African_American_Male_10_14; Population_Black_African_American_Female_10_14; Population_Black_African_American_Male_15_19; Population_Black_African_American_Female_15_19; Population_Black_African_American_Male_20_24; Population_Black_African_American_Female_20_24; Population_Black_African_American_Male_25_29; Population_Black_African_American_Female_25_29; Population_Black_African_American_Male_30_34; Population_Black_African_American_Female_30_34; Population_Black_African_American_Male_35_44; Population_Black_African_American_Female_35_44; Population_Black_African_American_Male_45_54; Population_Black_African_American_Female_45_54
47,32,f1344310,Population_White_Non_Hispanic_Female_35_44,,White Non-Hispanic Population by Age and Sex,Population_White_Non_Hispanic_Male_<_5; Population_White_Non_Hispanic_Female_<_5; Population_White_Non_Hispanic_Male_5_9; Population_White_Non_Hispanic_Female_5_9; Population_White_Non_Hispanic_Male_10_14; Population_White_Non_Hispanic_Female_10_14; Population_White_Non_Hispanic_Male_15_19; Population_White_Non_Hispanic_Female_15_19; Population_White_Non_Hispanic_Male_20_24; Population_White_Non_Hispanic_Female_20_24; Population_White_Non_Hispanic_Male_25_29; Population_White_Non_Hispanic_Female_25_29; Population_White_Non_Hispanic_Male_30_34; Population_White_Non_Hispanic_Female_30_34; Population_White_Non_Hispanic_Male_35_44; Population_White_Non_Hispanic_Female_35_44; Population_White_Non_Hispanic_Male_45_54; Population_White_Non_Hispanic_Female_45_54; Population_White_Non_Hispanic_Male_55_59; Population_White_Non_Hispanic_Female_55_59
48,28,f1157110,Population_Hispanic_Latino_Male_<_5,,Hispanic or Latino Population by Age and Sex,Population_Hispanic_Latino_Male_<_5; Population_Hispanic_Latino_Female_<_5; Population_Hispanic_Latino_Male_5_9; Population_Hispanic_Latino_Female_5_9; Population_Hispanic_Latino_Male_10_14; Population_Hispanic_Latino_Female_10_14; Population_Hispanic_Latino_Male_15_19; Population_Hispanic_Latino_Female_15_19; Population_Hispanic_Latino_Male_20_24; Population_Hispanic_Latino_Female_20_24; Population_Hispanic_Latino_Male_25_29; Population_Hispanic_Latino_Female_25_29; Population_Hispanic_Latino_Male_30_34; Population_Hispanic_Latino_Female_30_34; Population_Hispanic_Latino_Male_35_44; Population_Hispanic_Latino_Female_35_44; Population_Hispanic_Latino_Male_45_54; Population_Hispanic_Latino_Female_45_54; Population_Hispanic_Latino_Male_55_59; Population_Hispanic_Latino_Female_55_59
49,37,f1487610,Hispanic_Latino_Origin_Spanish_Population,,Hispanic and Latino Detailed Origin Population,Hispanic_Latino_Origin_Spanish_Population; Hispanic_Latino_Origin_Central_American_Population; Hispanic_Latino_Origin_Mexican_Population; Hispanic_Latino_Origin_South_American_Population; Hispanic_Latino_Origin_Other_South_American_Population; Hispanic_Latino_Origin_Other_Central_American_Population; Hispanic_Latino_Origin_Other_Hispanic_Population; Hispanic_Latino_Origin_Spanish_American_Population; Hispanic_Latino_Origin_Spaniard_Population; Hispanic_Latino_Origin_Honduran_Population; Hispanic_Latino_Origin_Cuban_Population; Hispanic_Latino_Origin_Puerto_Rican_Population; Hispanic_Latino_Origin_Salvadoran_Population; Hispanic_Latino_Population; Percent_Hispanic_Latino_Population; Hispanic_Latino_Origin_Uruguayan_Population; Hispanic_Latino_Origin_Colombian_Population; Hispanic_Latino_Origin_Argentinean_Population; Hispanic_Latino_Origin_Paraguayan_Population; Hispanic_Latino_Origin_Peruvian_Population
50,41,f1318318,Dentists_Total_Professional_Active,,Dentist and Dental Provider Workforce,Dentists_Total_Professional_Active; Dentists_Partial_Time_Faculty_Partial_Time_Practice; Dentists_Total_Private_Practice_Full_Time; Dentists_Total_Private_Practice_Partial_Time; Dentists_Private_Practice_Total_Other_Specialty; #_Full_Time_Equivalent_Physicians_&_Dentists; Physicians_&_Dentists_Partial_Time; Dentists_Other_Occupation; Dentists_Dental_School_Faculty; Dentists_Total_Female_Private_Practice; Dentists_Staff_Facility_&_Staff_Health_Organization; Dentists_Occupation_Type_Unknown; Dentists_Total_Private_Practice; Dentists_Total_Male_Private_Practice; Medical_Dental_Resident_Internal_Full_Time; Physicians_&_Dentists_Full_Time; Dentists_Private_Practice_Total_General_Practitioners_&_Pediatric; Medical_Dental_Resident_Internal_Partial_Time; Dentists_Armed_Forces_&_Other_Federal_Service; #_Full_Time_Equivalent_Medical_&_Dental_Residents
51,22,f1414318,Pharmacy_Technicians_Partial_Time,,Allied Health Technician and Pharmacist Staffing,Pharmacy_Technicians_Partial_Time; Pharmacy_Technicians_Full_Time; Radiology_Technicians_Partial_Time; Laboratory_Technicians_Full_Time; Radiology_Technicians_Full_Time; Laboratory_Technicians_Partial_Time; Respiratory_Therapists_Partial_Time; Pharmacists_Licensed_Full_Time; Pharmacists_Licensed_Partial_Time; Respiratory_Therapists_Full_Time; Pharmacists_Licensed_Vacancies
52,16,f0931418,#_Full_Time_Equivalent_Other_Trainees,,Hospital Trainees and Other Personnel Staffing,#_Full_Time_Equivalent_Other_Trainees; Other_Trainees_Full_Time; #_Full_Time_Equivalent_Other_Personnel; All_Other_Personnel_Full_Time; #_Full_Time_Equivalent_Total_Trainees; Other_Trainees_Partial_Time; All_Other_Personnel_Partial_Time; #_Full_Time_Equivalent_L.P.N.s_&_L.V.N.s
53,20,f0932418,Total_Hospital_Personnel_Full_Time,,Total Facility and Hospital Personnel Staffing,Total_Hospital_Personnel_Full_Time; Total_Facility_Personnel_Full_Time; #_Full_Time_Equivalent_Total_Hospital_Personnel; #_Full_Time_Equivalent_Total_Facility_Personnel; #_Full_Time_Equivalent_Total_Nursing_Home_Personnel; Total_Hospital_Personnel_Partial_Time; Total_Facility_Personnel_Partial_Time; Nursing_Home_Personnel_Total_Full_Time; Nursing_Home_Personnel_Total_Partial_Time; Total_Facility_Personnel_Vacancies
54,8,f1531013,Certified_Registered_Nurse_Anesthesia_Male,,Certified Registered Nurse Anesthetists,Certified_Registered_Nurse_Anesthesia_Male; Certified_Registered_Nurse_Anesthesia_Female; Certified_Registered_Nurse_Anesthesia_<_35; Certified_Registered_Nurse_Anesthesia_35_44; Certified_Registered_Nurse_Anesthesia_45_54; Certified_Registered_Nurse_Anesthesia_55_64; Certified_Registered_Nurse_Anesthesia_65_+; Certified_Registered_Nurse_Anesthetists
55,41,f1482610,Advanced_Practice_Registered_Nurse_Physician_Assistants_Partial_Time,,Hospital Nursing and Advanced-Practice Staffing,Advanced_Practice_Registered_Nurse_Physician_Assistants_Partial_Time; Advanced_Practice_Registered_Nursing_Full_Time; Advanced_Practice_Registered_Nurse_Physician_Assistants_Full_Time; Nursing_Assistive_Personnel_Full_Time; Advanced_Practice_Registered_Nursing_Partial_Time; Certified_Nurse_Midwives_Full_Time_Other_Employment_Type; Registered_Nursing_Full_Time; Certified_Nurse_Midwives_Full_Time_Unknown_Employment_Type; Licensed_Practical_Nurse_Licensed_Vocational_Nurse_Partial_Time; Licensed_Practical_Nurse_Licensed_Vocational_Nurse_Full_Time; Certified_Nurse_Midwives_Full_Time_Hospital_Medical_Medicine; Certified_Nurse_Midwives_Partial_Time; Certified_Nurse_Midwives_Full_Time; Certified_Nurse_Midwives_Retired_Not_Employment; Registered_Nursing_Partial_Time; Nursing_Assistive_Personnel_Partial_Time; #_Hospital_with_Primary_Care_Advanced_Practice_Registered_Nurse_Physician_Assistants; Certified_Nurse_Midwives_Full_Time_Education_Institute; #_Full_Time_Equivalent_Registered_Nurse; #_Hospital_with_Advanced_Practice_Registered_Nurse_Physician_Assist
56,21,f1322810,Physician_Assistants,,Physician Assistant Workforce by Specialty,Physician_Assistants; Physician_Assistants_Female; Physician_Assistants_Male; Physician_Assistants_<_35; Physician_Assistants_35_44; Physician_Assistants_45_54; Physician_Assistants_55_64; Physician_Assistants_65_+; Physician_Assistants_Full_Time; Physician_Assistants_Active; Physician_Assistants_Primary_Care; Physician_Assistants_Other_Specialty; Physician_Assistants_Partial_Time; Physician_Assistants_Unknown_Specialty; Physician_Assistants_Inactive; Physician_Assistants_Surgical_Specialty
57,25,f1480418,Nursing_Assistive_Personal_Persons_Vacancies,,Allied Health Vacancies and Shortage Areas,Nursing_Assistive_Personal_Persons_Vacancies; Registered_Nursing_Vacancies; Respiratory_Therapist_Vacancies; Medical_Medicine_Dental_Resident_Internal_Vacancies; Pharmacy_Technicians_Vacancies; Physicians_&_Dentists_Vacancies; Radiology_Technicians_Vacancies; Laboratory_Technician_Vacancies; Nursing_Home_Personal_Persons_Total_Vacancies; Health_Professions_Shortage_Area_Code_Primary_Care_05_20; Other_Trainees_Vacancies; All_Other_Personnel_Vacancies; Health_Professions_Shortage_Area_Code_Mental_Health_05_20; Health_Professions_Shortage_Area_Code_Dentists_05_20
58,23,f1538214,#_Disabled_65+_Civilian_Noninstitutional,,Disability Status and Veteran Disability,#_Disabled_65+_Civilian_Noninstitutional; %_Disabled_65+_Civilian_Noninstitutional; #_with_Disability_Civilian_Noninstitutional; #_Disabled_<18_Civilian_Noninstitutional; %_Disabled_<18_Civilian_Noninstitutional; #Disabled_18_64_Civilian_Noninstitutional; %Disabled_18_64_Civilian_Noninstitutional; Veterans_no_Disability_Civilian; #_with_Disability_not_in_Civilian_Labor_Force; #without_Disability_not_in_Civilian_Labor_Force; Nonveterans_with_Disability_Civilian; Veterans_with_Disability_Civilian; Nonveterans_no_Disability_Civilian; Employed_with_Disability_Civilian_Labor_Force; Employed_without_Disability_Civilian_Labor_Force; Unemployed_with_Disability_Civilian_Labor_Force; #_Personal_Persons_65+_Civilian_Noninstitutional; #_without_Disabilty_Civilian_Noninstitutional; #_Personal_Persons_18_64_Civilian_Noninstitutional; #_Personal_Persons_<_18_Civilian_Noninstitutional
59,25,f1539314,Veteran_Civilian_Population_18_64_Years,,Veteran Population and Veterans Hospitals,Veteran_Civilian_Population_18_64_Years; #_Veteran_Hospital_100_199_Beds; #_Veteran_Hospital_200_299_Beds; Veterans_Civilian_Population_18+_Years; #_Patients_Seen_in_Veteran_Facility; #_Veteran_Hospital_300+_Beds; #_Veteran_Hospital_050_099_Beds; Veterans'_Hospital_Beds; Veterans'_Hospital_Admissions; Outpatient_Visits_in_Veteran_Hospital; #_Veteran_Hospital_006_049_Beds; #_Veterans'_Hospitals; Inpatient_Days_in_Veteran_Hospital; Veterinarian_Veteran_not_in_Civilian_Labor_Force; #_Full_Time_Equivalent_All_Other_Personnel_Veteran_Hospital; Veterinarian_Veteran_in_Civilian_Labor_Force; Veterinarian_Veteran_Employed_in_Civilian_Labor_Force; Veterans_25+_with_High_School_Diploma_or_more; Veterans_25+_with_<_High_School_Diploma; Veterans_25+_Years
60,14,f1545019,Marketplace_Enrollees_<_18,,Health Insurance Marketplace Enrollment,Marketplace_Enrollees_<_18; Marketplace_Enrollees_18_25; Marketplace_Enrollees_26_34; Marketplace_Enrollees_35_44; Marketplace_Enrollees_45_54; Marketplace_Enrollees_55_64; Marketplace_Enrollees_65+; Marketplace_Enrollees_Male; Marketplace_Enrollees_Female; Health_Insurance_Marketplace_Enrollees; Marketplace_Enrollees_Active_Enrollment; Marketplace_Enrollees_Automatic_Enrollment; Marketplace_Enrollees_New_Consultation; Marketplace_Enrollees_Unknown_Age
61,20,f1530418,Inpatient_Per_User_Actual_Medicare_Cost,,Medicare Inpatient Costs and Utilization,Inpatient_Per_User_Actual_Medicare_Cost; Inpatient_Actual_Medicare_Costs; Inpatient_Per_Capita_Actual_Medicare_Cost; Total_Medicare_Inpatient_Days; Total_Medicaid_Inpatient_Days; #_Total_Facility_Medicaid_Inpatient_Discharge; Total_Actual_Medicare_Costs; #_Total_Facility_Medicare_Inpatient_Discharge; Total_Standardized_Medicare_Costs; Total_Standardized_Risk_Adjusted_Medicare_Cost; Actual_Per_Capita_Medicare_Cost; Standardized_Risk_Adjusted_Per_Capita_Medicare_Cost; Standardzd_PerCapita_Medicare_Cost; Inpatient_Active_Cost_as_%_of_Total_Active_Cost; Preventable_Hospital_Stays_Rate; Veteran_Medical_Medicine_Care_Expenditure(1000's)
62,35,f1529218,%_Medicare_Beneficiaries_Eligible_for_Medicaid,,Medicare and Medicaid Enrollment and Eligibility,%_Medicare_Beneficiaries_Eligible_for_Medicaid; #_Eligible_for_Medicare; Medicare_Enrollment_Aged_&_Disabled_Total; Medicaid_Eligibles_Total; Medicaid_Eligibles_Male; Medicaid_Eligibles_<_21; Medicaid_Eligibles_21_64; Medicaid_Eligibles_65+; Medicaid_Eligibles_Adults; Medicare_Enrollmnt_Disabled_Total; Medicaid_Eligibles_Aged; #_Medicare_Advantage_Enrollees; Medicare_Enrollment_Aged_Total; %_Medicare_Beneficiaries_Using_Inpatient_Service; #_Medicare_Prescription_Drug_Plan_Enrollment; Medicare_Beneficiary_Inpatient_User_with_Covered_Stay; Medicaid_Eligibles_Females; Medicaid_Eligibles_Children; Medicare_Medicaid_Dually_Eligible; Medicare_Fee_for_Service_Beneficiaries_Average_Age
63,20,f1412018,Inpatient_Days_in_State_Acute_Long_Term_Care,,Hospital Inpatient Days by Facility Type,Inpatient_Days_in_State_Acute_Long_Term_Care; Inpatient_Days_in_Short_Term_Non_General_Long_Term_Hospital; Inpatient_Days_in_Long_Term_Acute_Long_Term_Care; Inpatient_Days_in_Long_Term_Rehabilitation; Inpatient_Days_in_Short_Term_Community; Inpatient_Days_in_State_Rehabilitation; Inpatient_Days_in_State_General_Hospital; Inpatient_Days_in_Long_Term_Psychiatric; Inpatient_Days_in_State_Psychiatric; Nursing_Home_Inpatient_Days; Inpatient_Day_in_Long_Term_Chronic_Disease; Nursing_Home_Inpatient_Days_Short_Term_Non_General_Long_Term; Inpatient_Days_in_Long_Term_Children_Psychiatric; Nursing_Home_Inpatient_Days_Short_Term_General; Inpatient_Days_in_State_Children_General; Inpatient_Day_in_Long_Term_Intellectual_Disability; Inpatient_Days_in_Long_Term_General_Medical_Medicine_Surgical; Inpatient_Days_in_State_Children_Psychiatric; Inpatient_Days; Outpatient_Visits_in_Long_Term_Hospital
64,19,f1133718,Skilled_Nursing_Care_Beds_Set_Up,,Staffed Hospital Beds by Care Type,Skilled_Nursing_Care_Beds_Set_Up; Pediatric_Intensive_Care_Bed_Set_Up; Intermediate_Care_Beds_Set_Up; Other_Special_Care_Beds_Set_Up; Other_Intensive_Care_Bed_Set_Up; General_Medical_Medicine_Surgical_Pediatric_Beds_Set_Up; Acute_Long_Term_Care_Beds_Set_Up; Obstetrics_Care_Beds_Set_Up; Other_Care_Beds_Set_Up; Other_Long_Term_Care_Beds_Set_Up; Medical_Medicine_Surgical_Intensive_Care_Beds_Set_Up; Neonatal_Intermediate_Care_Beds_Set_Up; Rehabilitation_Care_Bed_Set_Up; Cardiac_Intensive_Care_Beds_Set_Up; Neonatal_Intensive_Care_Beds_Set_Up; General_Medical_Medicine_Surgical_Adult_Bed_Set_Up; Total_Inpatient_Beds_Set_Up; Psychiatric_Care_Beds_Set_Up; Burn_Care_Beds_Set_Up
65,51,f1140018,#_Short_Term_Non_General_Long_Term_Hospital_050_099_Beds,,Hospital and Nursing-Home Beds and Admissions,#_Short_Term_Non_General_Long_Term_Hospital_050_099_Beds; #_Short_Term_Non_General_Long_Term_Hospital_100_199_Beds; #_Short_Term_Non_General_Long_Term_Hospital_006_049_Beds; #_Short_Term_Non_General_Long_Term_Hospital_200_299_Beds; Licensed_Beds_Long_Term_Hospital; Short_Term_General_Hospital_Beds; Nursing_Home_Beds_Short_Term_Non_General_Hospital; Licensed_Beds_Short_Term_Hospital; Licensed_Nursing_Home_Beds_Short_Term_General; Licensed_Nursing_Home_Beds_Short_Term_Non_General; Short_Term_Non_General_Hospital_Beds; Licensed_Beds_Short_Non_General_Hospital; #_Short_Term_Non_General_Long_Term_Hospital_300+_Beds; Nursing_Home_Admissions_Short_Term_General_Hospital; Nursing_Home_Beds_State_General_Hospital; Short_Term_Community_Hospital_Beds; Licensed_Nursing_Home_Beds_Long_Term; Long_Term_Hospital_Beds; Nursing_Home_Beds_Long_Term_Hospital; Licensed_Nursing_Home_Beds
66,33,f1490319,Nurse_Practitioners_Female_with_National_Provider_Identifier,,Advanced-Practice and Nonphysician Providers by Sex,Nurse_Practitioners_Female_with_National_Provider_Identifier; Nurse_Practitioners_Male_with_National_Provider_Identifier; Physician_Assist_Female_with_National_Provider_Identifier; Advanced_Practice_Registered_Nursing_Male_with_National_Provider_Identifier; Clinical_Nursing_Specialist_Male_with_National_Provider_Identifier; Clinical_Nurse_Specialist_with_National_Provider_Identifier; Advanced_Practice_Registered_Nursing_Female_with_National_Provider_Identifier; Clinical_Nursing_Specialist_Female_with_National_Provider_Identifier; Physician_Assist_Male_with_National_Provider_Identifier; Advanced_Practice_Registered_Nurse_with_National_Provider_Identifier; Nurse_Practitioners_with_National_Provider_Identifier; Certified_Registered_Nurse_Anesthetist_Male_with_National_Provider_Identifier; Advanced_Practice_Nurse_Midwives_with_National_Provider_Identifier; Physician_Assistants_with_National_Provider_Identifier; Certified_Registered_Nurse_Anesthetist_Female_with_National_Provider_Identifier; Podiatrists_Female_with_National_Provider_Identifier; Podiatrists_Male_with_National_Provider_Identifier; Certified_Registered_Nursing_Anesthetists_with_National_Provider_Identifier; Dentists_Female_with_National_Provider_Identifier; AdvPractNurs_Midwife_Male_with_National_Provider_Identifier
67,19,f1558018,#Hispanic_with_Telehealth_Monitor_Chronic_Care,,Hospital Telehealth and Specialized Services,#Hispanic_with_Telehealth_Monitor_Chronic_Care; #Hispanic_with_Hospital_Based_Outpatient_Care_Center_Service; #Hispanic_with_Telehealth_Psychiatric_Addiction_Treatment; #Hispanic_with_Telehealth_Monitor_Post_Disease; #Hispanic_with_Telehealth_Other_Telehealth; #Hispanic_with_Psychiatric_Partial_Hospital_Adult_Service; #Hispanic_with_Complementary_Alternative_Medical_Medicine_Service; #Hispanic_with_Telehealth_Other_Remote_Monitor; #Hispanic_with_Psychiatric_Residential_Adult_Treatment; Hispanic_Latino_Origin_All_Other_Hospital_Population; #Hispanic_with_Alcohol_Chemical_Dependent_Partial_Hospitalization; #Hispanic_with_Bone_Marrow_Transplant_Service; Patient_Care_Black_African_American_Non_Hispanic_Latino_Population; #Hispanic_with_Violence_Prevention_Program_Community; #Hispanic_with_Violence_Prevention_Program_Workplace; #Hispanic_with_Intensive_Modulated_Radiation_Therapy; #_Hospital_with_Telehealth_Consultation_Office_Visit; #_Hospital_with_Telehealth_Electronic_Intensive_Care_Unit; #_Hospital_with_Telehealth_Stroke_Care
68,12,f0889518,#_Hospital_with_American_Osteopathic_Assoc_Accreditation,,Hospital Accreditation Bodies,#_Hospital_with_American_Osteopathic_Assoc_Accreditation; #_Hospital_with_Joint_Commission_on_Accreditation_of_Health_Care_Organizations_Accreditation; #_Hospital_with_American_Osteopathic_Assoc_Internal; #_Hospital_with_Commission_on_Accreditation_of_Rehabilitation_Facilities_Accreditation; #_Hospital_with_American_Osteopathic_Assoc_Residence; #_Hospital_with_Det_Norske_Veritas_Accreditation
69,15,f1557218,#_Hospital_with_Psychiatric_Partial_Hospital_Pediatric_Service,,Hospital Psychiatric and Behavioral Health Services,#_Hospital_with_Psychiatric_Partial_Hospital_Pediatric_Service; #_Hospital_with_Psychiatric_Outpatient_Service; #_Psychiatric_Short_Term_Hospital; #_Hospital_with_Psychiatric_Intensive_Outpatient_Service; #_Children's_Psychiatric_Long_Term_Hospital; #_Psychiatric_Long_Term_Hospital; #_Hospital_with_Psychiatric_Pediatric_Service; #_Hospital_with_Psychiatric_Care; #_Hospital_with_Psychiatric_Residential_Pediatric_Treatment; #_Hospital_with_Psychiatric_Education_Service; #_Hospital_with_Psychiatric_Emergency_Service; #_Hospital_with_Psychiatric_Consultation_Liaison_Service; #_Children's_Psychiatric_State_Hospital; Population_in_Mental(Psychiatric)_Hospital_Units
70,31,f1525419,#_National_Health_Service_Corps_Sites_with_Providers,,Safety-Net Clinics and Community Health Programs,#_National_Health_Service_Corps_Sites_with_Providers; #_National_Health_Service_Corps_Primary_Care_Sites_with_Provider; #_National_Health_Service_Corps_Full_Time_Equivalent_Primary_Care_Providers; #_Community_Health_Centers; #_National_Health_Service_Corps_Full_Time_Equivalent_Providers; #_Home_Health_Agencies; #_National_Health_Service_Corps_Total_Active_Sites; #_Hospital_with_Home_Health_Services; #_National_Health_Service_Corps_Mental_Health_Site_with_Provider; #_National_Health_Service_Corps_Full_Time_Equivalent_Mental_Health_Provider; #_Hospital_with_Rural_Health_Clinic; #_Hospital_with_Women's_Health_Center_Service; #_Federal_Qualified_Health_Centers; #_Rural_Health_Clinics; #_Hospital_with_Community_Health_Education; #_Community_Mental_Health_Center; #_Hospital_with_Child_Wellness_Program; #_Hospital_with_Occupational_Health_Service; #_Hospital_with_Transport_to_Health_Service; #_Hospital_with_Mobile_Health_Services
71,53,f1262118,#_Hospital_with_Psychiatric_Geriatric_Service,,"Hospital Rehabilitation, Geriatric and Support Services",#_Hospital_with_Psychiatric_Geriatric_Service; #_Hospital_with_Geriatric_Services; #_Hospital_with_Physical_Rehabilitation_Outpatient_Service; #_Rehabilitation_State_Hospital; #_Rehabilitation_Long_Term_Hospital; #_Hospital_with_Alcohol_Chemical_Dependent_Outpatient_Service; #_Hospital_with_Neurological_Services; #_Hospital_with_Supportive_Housing_Service; #_Hospital_with_Physical_Rehabilitation_Care; #_Hospital_with_Social_Work_Services; #_Hospital_with_Patient_Representative_Services; #_Hospital_with_Palliative_Care_Program; #_Hospital_with_Assisted_Living; #_Hospital_with_Assistive_Technology_Center; Population_in_Group_Homes_for_Adults; #_Hospital_with_Teen_Outreach_Services; #_Hospital_with_Inpatient_Palliative_Creek_Unit; #_Hospital_with_Oncology_Services; #_Hospital_with_Volunteer_Service_Department; #_Hospital_with_Alcohol_Drug_Abuse_Inpatient_Care
72,15,f0479318,Public_Health_Total,,Public Health Physician Workforce,Public_Health_Total; Public_Health_Patient_Care_Office_Based; Public_Health_Patient_Care_Hospital_Full_Time_Staff; Public_Health_<_35; Public_Health_35_44; Public_Health_45_54; Public_Health_55_64; Public_Health_Administration; Public_Health_Teaching; Public_Health_Other; Public_Health_Total_Patient_Care; Public_Health_Research; Public_Health_65_74; Public_Health_75_+; Public_Health_Patient_Care_Hospital_Resident
73,15,f0982818,Emergency_Medical_Medicine_Patient_Care_Office_Based,,Emergency Medicine Physician Workforce,Emergency_Medical_Medicine_Total; Emergency_Medical_Medicine_Patient_Care_Office_Based; Emergency_Medical_Medicine_Patient_Care_Hospital_Full_Time_Staff; Emergency_Medical_Medicine_Administration; Emergency_Medical_Medicine_Teaching; Emergency_Medical_Medicine_Other; Emergency_Medical_Medicine_Total_Patient_Care; Emergency_Medical_Medicine_Research; Emergency_Medical_Medicine_Patient_Care_Hospital_Resident; Emergency_Medicine_<_35; Emergency_Medicine_35_44; Emergency_Medicine_45_54; Emergency_Medicine_55_64; Emergency_Medicine_65_74; Emergency_Medicine_75_+
74,57,f1403518,#_Hospital_with_Hospitalists_Care,,Hospital Acute Care Capacity and Utilization,#_Hospital_with_Hospitalists_Care; Hospital_Admissions; #_Critical_Access_Hospitals; #_Operating_Rooms; Emergency_Department_Visits; Outpatient_Visits_in_State_Non_General_Hospital; #_Critical_Access_State_General_Hospital; Outpatient_Visits_in_State_General_Hospital; #_Hospital_with_Pediatric_Intensive_Care; Hospital_Beds; #_Hospital_with_Other_Intensive_Care; #_Hospital_with_Urgent_Care_Center; #_Hospital_with_Ambulatory_Surgery_Center; #_Ambulatory_Surgery_Centers; #_Hospital_with_Medical_Surgical_Intensive_Care; #_Hospital_with_Patient_Education_Center; #_Hospital_with_Indigent_Care_Clinic; #_Hospital_with_Freestandng_Outpatient_Center; #_Hospital_with_Residency_Training; #_Hospital_with_Ambulance_Services
75,62,f1474618,Doctors_of_Osteopathic_Medicine_Other_Specialty_Total,,Osteopathic Physician Workforce by Specialty,Doctors_of_Osteopathic_Medicine_Other_Specialty_Total; Doctors_of_Osteopathic_Medicine_Other_Specialty_Total_Patient_Care; Doctors_of_Osteopathic_Medicine_General_Practice_Total; Doctors_of_Osteopathic_Medicine_General_Practice_Total_Patient_Care; Doctors_of_Osteopathic_Medicine_Family_Medical_Medicine_General_Total; Doctors_of_Osteopathic_Medicine_Family_Medical_Medicine_General_Total_Patient_Care; Doctors_of_Osteopathic_Medicine_Family_Medical_Medicine_Subspecialty_Total; Doctors_of_Osteopathic_Medicine_Primary_Care_Hospital_Resident; Doctors_of_Osteopathic_Medicine_Family_Medical_Medicine_Subspecialties_Total_Patient_Care; Doctors_of_Osteopathic_Medicine_General_Internal_Medical_Medicine_Total; Doctors_of_Osteopathic_Medicine_General_Internal_Medical_Medicine_Total_Patient_Care; Doctors_of_Osteopathic_Medicine_Internal_Medicine_Subspecialties_Total_Patient_Care; Doctors_of_Osteopathic_Medicine_Internal_Medical_Medicine_Subspecialties_Total; Doctors_of_Osteopathic_Medicine_Total_Patient_Care_Hospital_Resident; Doctors_of_Osteopathic_Medicine_Total_Patient_Care_Hospital_Full_Time_Staff; Doctors_of_Osteopathic_Medicine_Total_Other_Professional_Activity; Doctors_of_Osteopathic_Medicine_Primary_Care_Patient_Care; Doctors_of_Osteopathic_Medicine_Inactive_Total; Doctors_of_Osteopathic_Medicine_Inactive_Male; Doctors_of_Osteopathic_Medicine_Inactive_Female
76,18,f1109318,General_Internal_Medical_Medicine_Total_Patient_Care,,General Internal Medicine Physician Workforce,General_Internal_Medical_Medicine_Total_Patient_Care; General_Internal_Medical_Medicine_Research; General_Internal_Medical_Medicine_Total; General_Internal_Medical_Medicine_Patient_Care_Office_Based; General_Internal_Medical_Medicine_Patient_Care_Hospital_Full_Time_Staff; General_Internal_Medical_Medicine_Administration; General_Internal_Medical_Medicine_Teaching; General_Internal_Medical_Medicine_Other; General_Internal_Medical_Medicine_Patient_Care_Hospital_Residents; General_Internal_Medical_Medicine_Other_Professional_Active; General_Internal_Medical_Medicine_<_35; General_Internal_Medical_Medicine_35_44; General_Internal_Medical_Medicine_45_54; General_Internal_Medical_Medicine_55_64; General_Internal_Medical_Medicine_65_74; General_Internal_Medical_Medicine_75_+; General_Internal_Medical_Medicine_Patient_Care_Hospital_Resident
77,15,f0478818,General_Prevention_Medical_Medicine_Total,,General Preventive Medicine Physician Workforce,General_Prevention_Medical_Medicine_Total; General_Prevention_Medical_Medicine_Patient_Care_Office_Based; General_Prevention_Medical_Medicine_Patient_Care_Hospital_Full_Time_Staff; General_Prevention_Medical_Medicine_Administration; General_Prevention_Medical_Medicine_Teaching; General_Prevention_Medical_Medicine_Other; General_Prevention_Medical_Medicine_Total_Patient_Care; General_Prevention_Medical_Medicine_Research; General_Prevention_Medical_Medicine_Patient_Care_Hospital_Resident; General_Preventive_Medical_Medicine_<_35; General_Preventive_Medical_Medicine_35_44; General_Preventive_Medical_Medicine_45_54; General_Preventive_Medical_Medicine_55_64; General_Preventive_Medical_Medicine_65_74; General_Preventive_Medical_Medicine_75_+
78,33,f0461018,Medical_Doctors_Total_General_Practice_Total,,General Practice Medical Doctor Workforce,Medical_Doctors_Total_General_Practice_Total; Medical_Doctors_Total_General_Practice_Patient_Care_Hospital_Full_Time_Staff; Medical_Doctors_Total_General_Practice_Administration; Medical_Doctors_Total_General_Practice_Teaching; Medical_Doctors_Total_General_Practice_Other; Medical_Doctors_Total_General_Practice_<_35; Medical_Doctors_Total_General_Practice_35_44; Medical_Doctors_Total_General_Practice_45_54; Medical_Doctors_Total_General_Practice_55_64; Medical_Doctors_Total_General_Practice_Patient_Care_Office_Based; Medical_Doctors_Total_General_Practice_Total_Patient_Care; Medical_Doctors_Total_General_Practice_Research; Medical_Doctors_Total_General_Practice_Patient_Care_Hospital_Resident; Medical_Doctors_Total_General_Practice_Other_Professional_Active; Medical_Doctors_Total_General_Practice_65_74; Medical_Doctors_Total_General_Practice_75_+; Medical_Doctors_General_Practice_Total; Medical_Doctors_General_Practice_Patient_Care_Office_Based; Medical_Doctors_General_Practice_Patient_Care_Hospital_Resident; Medical_Doctors_General_Practice_Patient_Care_Hospital_Full_Time_Staff
79,16,f0481818,Medical_Doctors_Inactive_Total,,Inactive and Unclassified Medical Doctors,Medical_Doctors_Inactive_Total; Medical_Doctors_Inactive_Male; Medical_Doctors_Inactive_Female; Medical_Doctors_Inactive_<_35; Medical_Doctors_Inactive_35_44; Medical_Doctors_Inactive_45_54; Medical_Doctors_Inactive_55_64; Medical_Doctors_Inactive_65_74; Medical_Doctors_Inactive_75_+; Medical_Doctors_Not_Classified_Total; Medical_Doctors_Not_Classified_<_35; Medical_Doctors_Not_Classified_35_44; Medical_Doctors_Not_Classified_45_54; Medical_Doctors_Not_Classified_55_64; Medical_Doctors_Not_Classified_65_74; Medical_Doctors_Not_Classified_75_+
80,15,f1172418,Internal_Medical_Medicine_Subspecialties_Total,,Internal Medicine Subspecialties Workforce,Internal_Medical_Medicine_Subspecialties_Total; Internal_Medical_Medicine_Subspecialties_Total_Patient_Care; Internal_Medical_Medicine_Subspecialties_Patient_Care_Office_Based; Internal_Medical_Medicine_Subspecialties_Patient_Care_Hospital_Full_Time_Staff; Internal_Medical_Medicine_Subspecialties_Administration; Internal_Medical_Medicine_Subspecialties_Teaching; Internal_Medical_Medicine_Subspecialties_Research; Internal_Medical_Medicine_Subspecialties_Other; Internal_Medical_Medicine_Subspecialties_<_35; Internal_Medical_Medicine_Subspecialties_35_44; Internal_Medical_Medicine_Subspecialties_45_54; Internal_Medical_Medicine_Subspecialties_55_64; Internal_Medical_Medicine_Subspecialties_65_74; Internal_Medical_Medicine_Subspecialties_75_+; Internal_Medical_Medicine_Subspecialties_Patient_Care_Hospital_Resident
81,15,f0461818,Medical_Medicine_Specialty_Total_Total,,Medical Specialty Physician Totals,Medical_Medicine_Specialty_Total_Total; Medical_Medicine_Specialty_Total_Patient_Care_Hospital_Full_Time_Staff; Medical_Medicine_Specialty_Total_Administration; Medical_Medicine_Specialty_Total_Teaching; Medical_Medicine_Specialty_Total_Other; Medical_Medicine_Specialty_Total_Patient_Care_Office_Based; Medical_Medicine_Specialty_Total_Total_Patient_Care; Medical_Medicine_Specialty_Total_Research; Medical_Medicine_Specialty_Total_Patient_Care_Hospital_Resident; Medical_Specialty_Total_<_35; Medical_Specialty_Total_35_44; Medical_Specialty_Total_45_54; Medical_Specialty_Total_55_64; Medical_Specialty_Total_65_74; Medical_Specialty_Total_75_+
82,28,f1200618,Medical_Doctors_Family_Medical_Medicine_Subspecialty_Total,,Family Medicine Physician Workforce,Medical_Doctors_Family_Medical_Medicine_Subspecialty_Total; Medical_Doctors_Family_Medical_Medicine_Subspecialties_Total_Patient_Care; Medical_Doctors_Family_Medical_Medicine_Subspecialties_Patient_Care_Office_Based; Medical_Doctors_Family_Medical_Medicine_Subspecialties_Administration; Medical_Doctors_Family_Medical_Medicine_Subspecialties_Teaching; Medical_Doctors_Family_Medical_Medicine_Subspecialties_Research; Medical_Doctors_Family_Medical_Medicine_Subspecialties_Other; Medical_Doctors_Family_Medical_Medicine_Subspecialties_Patient_Care_Hospital_Resident; Medical_Doctors_Family_Medical_Medicine_General_Total; Medical_Doctors_Family_Medical_Medicine_General_Total_Patient_Care; Medical_Doctors_Family_Medical_Medicine_General_Patient_Care_Office_Based; Medical_Doctors_Family_Medical_Medicine_General_Administratn; Medical_Doctors_Family_Medical_Medicine_General_Teaching; Medical_Doctors_Family_Medical_Medicine_General_Research; Medical_Doctors_Family_Medical_Medicine_General_Other; Medical_Doctors_Family_Medical_Medicine_General_<_35; Medical_Doctors_Family_Medical_Medicine_General_35_44; Medical_Doctors_Family_Medical_Medicine_General_45_54; Medical_Doctors_Family_Medical_Medicine_General_55_64; Medical_Doctors_Family_Medical_Medicine_General_65_74
83,26,f1467818,Medical_Doctors_Primary_Care_Hospital_Resident,,Primary Care Physicians by Graduate Origin and Setting,Medical_Doctors_Primary_Care_Hospital_Resident; Medical_Doctors_Total_Patient_Care_Total_Graduates; Physician_Total_Patient_Care_International_Medical_Graduate_Graduated; Medical_Doctors_Total_Patient_Care_United_States_Graduates; Medical_Doctors_Total_Patient_Care_International_Medical_Graduate_Graduated; Medical_Doctors_Family_Medical_Medicine_Subspecialties_Hospital_Full_Time_Staff; Medical_Doctors_Family_Medical_Medicine_General_Hospital_Full_Time_Staff; Medical_Doctors_Primary_Care_Patient_Care; Physician_Primary_Care_Hospital_Resident; Medical_Doctors_Total_Hospital_Based_Patient_Care_Non_Federal; Medical_Doctors_Total_Patient_Care_Canadian_Graduated; Physician_Total_Patient_Care_Total_Graduates; Physician_Medical_Medicine_Rehabilitation_Patient_Care_Office_Base; Physician_Total_Patient_Care_United_States_Graduates; Physician_Primary_Care_Patient_Care; Physician_Total_Patient_Care_Canadian_Graduated; #_Hospital_with_General_Medical_Medicine_Surgical_Care_Adult; #_Hospital_with_General_Medical_Medicine_Surgical_Care_Pediatric; #_Hospital_with_Medical_School_Affiliation; #_General_Medical_Surgical_Long_Term_Hospital
84,36,f1168418,Obstetrics_Gynecology_General_Total,,Obstetrics and Gynecology Physician Workforce,Obstetrics_Gynecology_General_Total; Obstetrics_Gynecology_General_Total_Patient_Care; Obstetrics_Gynecology_General_Patient_Care_Office_Based; Obstetrics_Gynecology_General_Patient_Care_Hospital_Full_Time_Staff; Obstetrics_Gynecology_General_Administration; Obstetrics_Gynecology_General_Teaching; Obstetrics_Gynecology_General_Research; Obstetrics_Gynecology_General_Other; Obstetrics_Gynecology_Subspecialties_Total; Obstetrics_Gynecology_Subspecialties_Total_Patient_Care; Obstetrics_Gynecology_Subspecialties_Patient_Care_Office_Based; Obstetrics_Gynecology_Subspecialties_Patient_Care_Hospital_Full_Time_Staff; Obstetrics_Gynecology_Subspecialties_Administration; Obstetrics_Gynecology_Subspecialties_Teaching; Obstetrics_Gynecology_Subspecialties_Research; Obstetrics_Gynecology_Subspecialties_Other; Obstetrics_Gynecology_General_Patient_Care_Hospital_Residents; Obstetrics_Gynecology_General_Other_Professional_Activity; Obstetrics_Gynecology_Subspecialties_Patient_Care_Hospital_Resident; Obstetrics_Gynecology_Subspecialties_Other_Professional_Active
85,15,f1171418,Pediatric_Subspecialties_Total,,Pediatric Subspecialties Physician Workforce,Pediatric_Subspecialties_Total; Pediatric_Subspecialties_Total_Patient_Care; Pediatric_Subspecialties_Patient_Care_Office_Based; Pediatric_Subspecialties_Patient_Care_Hospital_Full_Time_Staff; Pediatric_Subspecialties_Administration; Pediatric_Subspecialties_Teaching; Pediatric_Subspecialties_Research; Pediatric_Subspecialties_Other; Pediatric_Subspecialties_<_35; Pediatric_Subspecialties_35_44; Pediatric_Subspecialties_45_54; Pediatric_Subspecialties_55_64; Pediatric_Subspecialties_65_74; Pediatric_Subspecialties_75_+; Pediatric_Subspecialties_Patient_Care_Hospital_Resident
86,18,f1170418,Pediatrics_General_Total,,General Pediatrics Physician Workforce,Pediatrics_General_Total; Pediatrics_General_Total_Patient_Care; Pediatrics_General_Patient_Care_Office_Based; Pediatrics_General_Patient_Care_Hospital_Full_Time_Staff; Pediatrics_General_Administration; Pediatrics_General_Teaching; Pediatrics_General_Research; Pediatrics_General_Other; Pediatrics_General_Patient_Care_Hospital_Resident; Pediatrics_General_Other_Professional_Active; Pediatrics_General_<_35; Pediatrics_General_35_44; Pediatrics_General_45_54; Pediatrics_General_55_64; Pediatrics_General_65_74; Pediatrics_General_75_+
87,33,f0473018,Other_Specialty_Total_Total,,Other Specialty Physician Counts,Other_Specialty_Total_Total; Other_Specialty_Total_Patient_Care_Hospital_Full_Time_Staff; Other_Specialty_Total_Administration; Other_Specialty_Total_Teaching; Other_Specialty_Total_Other; Other_Specialty_Total_<_35; Other_Specialty_Total_35_44; Other_Specialty_Total_45_54; Other_Specialty_Total_55_64; Other_Specialty_Total_Patient_Care_Office_Based; Other_Specialty_Total; Other_Specialty_Patient_Care_Office_Based; Other_Specialty_Patient_Care_Hospital_Full_Time_Staff; Other_Specialty_Administration; Other_Specialty_Teaching; Other_Specialty_Other; Other_Specialty_<_35; Other_Specialty_35_44; Other_Specialty_45_54; Other_Specialty_55_64
88,21,f1365018,Transplant_Surgical_Total,,Transplant Surgery Workforce and Hospital Services,Transplant_Surgical_Total; Transplant_Surgical_Total_Patient_Care; Transplant_Surgical_Patient_Care_Office_Based; Transplant_Surgical_Patient_Care_Hospital_Resident; Transplant_Surgical_Patient_Care_Hospital_Full_Time_Staff; Transplant_Surgical_Administration; Transplant_Surgical_Teaching; Transplant_Surgical_Research; Transplant_Surgical_Other; Transplantation_Surgery_<_35; Transplantation_Surgery_35_44; Transplantation_Surgery_45_54; Transplantation_Surgery_55_64; Transplantation_Surgery_65_74; Transplantation_Surgery_75_+; #_Hospital_with_Tissue_Transplant; #_Hospital_with_Kidney_Transplant; #_Hospital_with_Heart_Transplant; #_Hospital_with_Lung_Transplant; #_Hospital_with_Liver_Transplant
89,15,f0471018,Plastic_Surgical_Total,,Plastic Surgery Physician Workforce,Plastic_Surgical_Total; Plastic_Surgical_Patient_Care_Office_Based; Plastic_Surgical_Patient_Care_Hospital_Full_Time_Staff; Plastic_Surgical_Administration; Plastic_Surgical_Teaching; Plastic_Surgical_Other; Plastic_Surgical_Total_Patient_Care; Plastic_Surgical_Research; Plastic_Surgical_Patient_Care_Hospital_Resident; Plastic_Surgery_<_35; Plastic_Surgery_35_44; Plastic_Surgery_45_54; Plastic_Surgery_55_64; Plastic_Surgery_65_74; Plastic_Surgery_75_+
90,18,f0470018,Orthopedic_Surgical_Total,,Orthopedic Surgery Workforce and Hospital Services,Orthopedic_Surgical_Total; Orthopedic_Surgical_Patient_Care_Office_Based; Orthopedic_Surgical_Patient_Care_Hospital_Full_Time_Staff; Orthopedic_Surgical_Administration; Orthopedic_Surgical_Teaching; Orthopedic_Surgical_Other; Orthopedic_Surgical_Total_Patient_Care; Orthopedic_Surgical_Research; Orthopedic_Surgical_Patient_Care_Hospital_Resident; Orthopedic_Surgery_<_35; Orthopedic_Surgery_35_44; Orthopedic_Surgery_45_54; Orthopedic_Surgery_55_64; Orthopedic_Surgery_65_74; Orthopedic_Surgery_75_+; #_Hospital_with_Orthopedic_Services; #_Hospital_with_Computer_Assistant_Orthopedic_Surgical; #_Hospital_with_Prosthetic_&_Orthotic_Service
91,18,f0468018,General_Surgical_Total,,General Surgery Physician Workforce,General_Surgical_Total; General_Surgical_Patient_Care_Office_Based; General_Surgical_Patient_Care_Hospital_Full_Time_Staff; General_Surgical_Administration; General_Surgical_Teaching; General_Surgical_Other; General_Surgical_Total_Patient_Care; General_Surgical_Research; General_Surgical_Patient_Care_Hospital_Residents; General_Surgical_Other_Professional_Activity; General_Surgery_<_35; General_Surgery_35_44; General_Surgery_45_54; General_Surgery_55_64; General_Surgery_65_74; General_Surgery_75_+
92,27,f0467118,Surgical_Specialty_Total_Total,,"Surgical Specialties, Operations and Operating Capacity",Surgical_Specialty_Total_Total; Surgical_Specialty_Total_Patient_Care_Hospital_Full_Time_Staff; Surgical_Specialty_Total_Administration; Surgical_Specialty_Total_Teaching; Surgical_Specialty_Total_Other; Surgical_Specialty_Total_<_35; Surgical_Specialty_Total_35_44; Surgical_Specialty_Total_45_54; Surgical_Specialty_Total_55_64; Surgical_Specialty_Total_Patient_Care_Office_Based; Surgical_Specialty_Total_Total_Patient_Care; Surgical_Specialty_Total_Research; Surgical_Specialty_Total_65_74; Surgical_Specialty_Total_75_+; Surgical_Specialty_Total_Patient_Care_Hospital_Resident; #_Surgical_Operations_Total; Other_Surgical_Patient_Care_Hospital_Residents; Other_Surgical_Patient_Care_Hospital_Full_Time_Staff; Other_Surgical_Other_Professional_Activity; #_Surgical_Operations_Inpatient
93,15,f0472018,Thoracic_Surgical_Total,,Thoracic Surgery Physician Workforce,Thoracic_Surgical_Total; Thoracic_Surgical_Patient_Care_Office_Based; Thoracic_Surgical_Patient_Care_Hospital_Full_Time_Staff; Thoracic_Surgical_Administration; Thoracic_Surgical_Teaching; Thoracic_Surgical_Other; Thoracic_Surgical_Total_Patient_Care; Thoracic_Surgical_Research; Thoracic_Surgical_Patient_Care_Hospital_Resident; Thoracic_Surgery_<_35; Thoracic_Surgery_35_44; Thoracic_Surgery_45_54; Thoracic_Surgery_55_64; Thoracic_Surgery_65_74; Thoracic_Surgery_75_+
94,15,f0466618,Pulmonary_Disease_Total,,Pulmonary Disease Physician Workforce,Pulmonary_Disease_Total; Pulmonary_Disease_Patient_Care_Office_Based; Pulmonary_Disease_Patient_Care_Hospital_Full_Time_Staff; Pulmonary_Disease_Administration; Pulmonary_Disease_Teaching; Pulmonary_Disease_Other; Pulmonary_Disease_Total_Patient_Care; Pulmonary_Disease_Research; Pulmonary_Disease_Patient_Care_Hospital_Resident; Pulmonary_Diseases_<_35; Pulmonary_Diseases_35_44; Pulmonary_Diseases_45_54; Pulmonary_Diseases_55_64; Pulmonary_Diseases_65_74; Pulmonary_Diseases_75_+
95,25,f0496418,Pediatric_Cardiology_<_35,,Pediatric Cardiology Workforce and Cardiac Hospital Services,Pediatric_Cardiology_<_35; Pediatric_Cardiology_35_44; Pediatric_Cardiology_45_54; Pediatric_Cardiology_55_64; Pediatric_Cardiology_65_74; Pediatric_Cardiology_75_+; Pediatric_Cardiolgy_Total; Pediatric_Cardiolgy_Patient_Care_Office_Based; Pediatric_Cardiolgy_Patient_Care_Hospital_Full_Time_Staff; Pediatric_Cardiolgy_Administration; Pediatric_Cardiolgy_Teaching; Pediatric_Cardiolgy_Other; Pediatric_Cardiolgy_Total_Patient_Care; Pediatric_Cardiolgy_Research; Pediatric_Cardiolgy_Patient_Care_Hospital_Resident; #_Hospital_with_Pediatric_Cardiac_Surgery; #_Hospital_with_Pediatric_Cardiology_Services; #_Hospital_with_Pediatric_Cardiac_Electrophysiology; #_Hospital_with_Adult_Cardiac_Surgery; #Hispanic_with_Pediatric_Intervntnl_Cardiac_Catheterization
96,15,f1363518,Vascular_Medical_Medicine_Total,,Vascular Medicine Physician Workforce,Vascular_Medical_Medicine_Total; Vascular_Medical_Medicine_Total_Patient_Care; Vascular_Medical_Medicine_Patient_Care_Office_Based; Vascular_Medical_Medicine_Patient_Care_Hospital_Resident; Vascular_Medical_Medicine_Patient_Care_Hospital_Full_Time_Staff; Vascular_Medical_Medicine_Administration; Vascular_Medical_Medicine_Teaching; Vascular_Medical_Medicine_Research; Vascular_Medical_Medicine_Other; Vascular_Medicine_<_35; Vascular_Medicine_35_44; Vascular_Medicine_45_54; Vascular_Medicine_55_64; Vascular_Medicine_65_74; Vascular_Medicine_75_+
97,15,f0463118,Cardiovas_Disease_Total,,Cardiovascular Disease Physician Workforce,Cardiovas_Disease_Total; Cardiovas_Disease_Patient_Care_Office_Based; Cardiovas_Disease_Patient_Care_Hospital_Full_Time_Staff; Cardiovas_Disease_Administration; Cardiovas_Disease_Teaching; Cardiovas_Disease_Other; Cardiovas_Disease_Total_Patient_Care; Cardiovas_Disease_Research; Cardiovas_Disease_Patient_Care_Hospital_Resident; Cardiovascular_Diseases_<_35; Cardiovascular_Diseases_35_44; Cardiovascular_Diseases_45_54; Cardiovascular_Diseases_55_64; Cardiovascular_Diseases_65_74; Cardiovascular_Diseases_75_+
98,15,f0477818,Pathology_Anatomic_Clinical_Anatomical_Clinic_Total,,Anatomic and Clinical Pathology Workforce,Pathology_Anatomic_Clinical_Anatomical_Clinic_Total; Pathology_Anatomic_Clinical_Anatomical_Clinic_Patient_Care_Office_Based; Pathology_Anatomic_Clinical_Anatomical_Clinic_Patient_Care_Hospital_Full_Time_Staff; Pathology_Anatomic_Clinical_Anatomical_Clinic_Administration; Pathology_Anatomic_Clinical_Anatomical_Clinic_Teaching; Pathology_Anatomic_Clinical_Anatomical_Clinic_Other; Pathology_Anatomic_Clinical_Anatomical_Clinic_Total_Patient_Care; Pathology_Anatomic_Clinical_Anatomical_Clinic_Research; Pathology_Anatomic_Clinical_Anatomical_Clinic_Patient_Care_Hospital_Resident; Pathology_Anatomical_Clinic_<_35; Pathology_Anatomical_Clinic_35_44; Pathology_Anatomical_Clinic_45_54; Pathology_Anatomical_Clinic_55_64; Pathology_Anatomical_Clinic_65_74; Pathology_Anatomical_Clinic_75_+
99,15,f0475818,Forensic_Pathology_Anatomic_Clinical_Total,,Forensic Pathology Physician Workforce,Forensic_Pathology_Anatomic_Clinical_Total; Forensic_Pathology_Anatomic_Clinical_Patient_Care_Office_Based; Forensic_Pathology_Anatomic_Clinical_Patient_Care_Hospital_Full_Time_Staff; Forensic_Pathology_Anatomic_Clinical_Administration; Forensic_Pathology_Anatomic_Clinical_Teaching; Forensic_Pathology_Anatomic_Clinical_Other; Forensic_Pathology_Anatomic_Clinical_Total_Patient_Care; Forensic_Pathology_Anatomic_Clinical_Research; Forensic_Pathology_Anatomic_Clinical_Patient_Care_Hospital_Resident; Forensic_Pathology_<_35; Forensic_Pathology_35_44; Forensic_Pathology_45_54; Forensic_Pathology_55_64; Forensic_Pathology_65_74; Forensic_Pathology_75_+
100,24,f1400518,#Hispanic_with_Electronic_Beam_Computed_Tomography,,Hospital Advanced Imaging and Radiation Services,#Hispanic_with_Electronic_Beam_Computed_Tomography; #_Hospital_with_Positron_Emission_Emission_Tomography_Computed_Tomography; #_Hospital_with_Magnetic_Resonance_Imaging; #_Hospital_with_Image_guided_Radiation_Therapy; #_Hospital_with_Endoscopic_Ultrasound; #_Hospital_with_Intraoperative_Magnetic_Resonance_Imaging; #Hispanic_with_Multislice_Spanish_Combined_Tomography_<64; #Hispanic_with_Multislice_Spanish_Combined_Tomography_64+; #_Hospital_with_Positron_Emission_Emission_Tomography; #_Hospital_with_Diagnostic_Radioisotope_Facility; #_Hospital_with_Single_Photon_Emission_Tomography; #_Hospital_with_Full_field_Digital_Mammography; #_Hospital_with_Stereotactic_Radiosurgery; #_Hospital_with_Optical_Colonoscopy; #_Hospital_with_Ultrasound; #_Hospital_with_Endoscopic_Retrograde_Cholangiopancreatography; #_Hospital_with_Breast_Cancer_Screen_Mammography; #_Hospital_with_Proton_Therapy; #_Hospital_with_Virtual_Colonoscopy; #_Hospital_with_Ablation_of_Barrett's_Esophageal
101,30,f0475318,Diagnostic_Radiology_Total,,Diagnostic Radiology Physician Workforce,Diagnostic_Radiology_Total; Diagnostic_Radiology_Patient_Care_Office_Based; Diagnostic_Radiology_Patient_Care_Hospital_Full_Time_Staff; Diagnostic_Radiology_<_35; Diagnostic_Radiology_35_44; Diagnostic_Radiology_45_54; Diagnostic_Radiology_55_64; Radiology_Total; Radiology_Patient_Care_Office_Based; Radiology_Patient_Care_Hospital_Full_Time_Staff; Diagnostic_Radiology_Administration; Diagnostic_Radiology_Teaching; Diagnostic_Radiology_Other; Radiology_Administration; Radiology_Teaching; Radiology_Other; Radiology_<_35; Radiology_35_44; Radiology_45_54; Radiology_55_64
102,10,f0460518,M.D.'s_Total_Patient_Care_Hospital_Full_Time_Staff,,Total Patient-Care Physician Counts,M.D.'s_Total_Patient_Care_Hospital_Full_Time_Staff; M.D.'s_Total_Administration; M.D.'s_Total_Teaching; M.D.'s_Total_Other; M.D.'s_Total_Research; M.D.'s_Total_Other_Professional_Activity; M.D.'s_Total_Patient_Care_Hospital_Residents; M.D.'s_Total_Patient_Care_Hospital_Resident
103,15,f0473818,Aerospace_Medical_Medicine_Total,,Aerospace Medicine Physician Workforce,Aerospace_Medical_Medicine_Total; Aerospace_Medical_Medicine_Patient_Care_Office_Based; Aerospace_Medical_Medicine_Patient_Care_Hospital_Full_Time_Staff; Aerospace_Medical_Medicine_Administration; Aerospace_Medical_Medicine_Teaching; Aerospace_Medical_Medicine_Other; Aerospace_Medical_Medicine_Total_Patient_Care; Aerospace_Medical_Medicine_Research; Aerospace_Medical_Medicine_Patient_Care_Hospital_Resident; Aerospace_Medicine_<_35; Aerospace_Medicine_35_44; Aerospace_Medicine_45_54; Aerospace_Medicine_55_64; Aerospace_Medicine_65_74; Aerospace_Medicine_75_+
104,15,f0476818,Occupational_Medical_Medicine_Total,,Occupational Medicine Physician Workforce,Occupational_Medical_Medicine_Total; Occupational_Medical_Medicine_Patient_Care_Office_Based; Occupational_Medical_Medicine_Patient_Care_Hospital_Full_Time_Staff; Occupational_Medical_Medicine_Administration; Occupational_Medical_Medicine_Teaching; Occupational_Medical_Medicine_Other; Occupational_Medical_Medicine_Total_Patient_Care; Occupational_Medical_Medicine_Research; Occupational_Medical_Medicine_Patient_Care_Hospital_Residents; Occupational_Medicine_<_35; Occupational_Medicine_35_44; Occupational_Medicine_45_54; Occupational_Medicine_55_64; Occupational_Medicine_65_74; Occupational_Medicine_75_+
105,14,f0478318,Physician_Medical_Medicine_Rehabilitation_Total,,Physical Medicine and Rehabilitation Workforce,Physician_Medical_Medicine_Rehabilitation_Total; Physician_Medical_Medicine_Rehabilitation_Patient_Care_Hospital_Full_Time_Staff; Physician_Medical_Medicine_Rehabilitation_Administration; Physician_Medical_Medicine_Rehabilitation_Teaching; Physician_Medical_Medicine_Rehabilitation_Other; Physician_Medical_Medicine_Rehabilitation_Total_Patient_Care; Physician_Medical_Medicine_Rehabilitation_Research; Physician_Medical_Medicine_Rehabilitation_Patient_Care_Hospital_Resident; Physical_Medical_Medicine_&_Rehabilitation_<_35; Physical_Medical_Medicine_&_Rehabilitation_35_44; Physical_Medical_Medicine_&_Rehabilitation_45_54; Physical_Medical_Medicine_&_Rehabilitation_55_64; Physical_Medical_Medicine_&_Rehabilitation_65_74; Physical_Medical_Medicine_&_Rehabilitation_75_+
106,16,f1242918,Medical_Genetics_55_64,,Medical Genetics Physician Workforce,Medical_Genetics_Total; Medical_Genetics_<_35; Medical_Genetics_35_44; Medical_Genetics_45_54; Medical_Genetics_55_64; Medical_Genetics_65_74; Medical_Genetics_75_+; Medical_Genetics_Total_Patient_Care; Medical_Genetics_Patient_Care_Office_Based; Medical_Genetics_Patient_Care_Hospital_Full_Time_Staff; Medical_Genetics_Administration; Medical_Genetics_Teaching; Medical_Genetics_Research; Medical_Genetics_Other; Medical_Genetics_Patient_Care_Hospital_Resident; #Hospital_with_Genetic_Test_Counseling
107,15,f0512618,Radiation_Oncology_<_35,,Radiation Oncology Physician Workforce,Radiation_Oncology_Total; Radiation_Oncology_Patient_Care_Office_Based; Radiation_Oncology_Patient_Care_Hospital_Full_Time_Staff; Radiation_Oncology_<_35; Radiation_Oncology_35_44; Radiation_Oncology_45_54; Radiation_Oncology_55_64; Radiation_Oncology_Administration; Radiation_Oncology_Teaching; Radiation_Oncology_Other; Radiation_Oncology_Total_Patient_Care; Radiation_Oncology_Research; Radiation_Oncology_65_74; Radiation_Oncology_75_+; Radiation_Oncology_Patient_Care_Hospital_Resident
108,15,f0981618,Nuclear_Medical_Medicine_Total,,Nuclear Medicine Physician Workforce,Nuclear_Medical_Medicine_Total; Nuclear_Medical_Medicine_Patient_Care_Office_Based; Nuclear_Medical_Medicine_Patient_Care_Hospital_Full_Time_Staff; Nuclear_Medical_Medicine_Administration; Nuclear_Medical_Medicine_Teaching; Nuclear_Medical_Medicine_Other; Nuclear_Medical_Medicine_Total_Patient_Care; Nuclear_Medical_Medicine_Research; Nuclear_Medical_Medicine_Patient_Care_Hospital_Residents; Nuclear_Medicine_<_35; Nuclear_Medicine_35_44; Nuclear_Medicine_45_54; Nuclear_Medicine_55_64; Nuclear_Medicine_65_74; Nuclear_Medicine_75_+
109,18,f0477318,Psychiatry_Total,,Psychiatry Physician Workforce,Psychiatry_Total; Psychiatry_Patient_Care_Office_Based; Psychiatry_Patient_Care_Hospital_Full_Time_Staff; Psychiatry_<_35; Psychiatry_35_44; Psychiatry_45_54; Psychiatry_55_64; Psychiatry_Administration; Psychiatry_Teaching; Psychiatry_Other; Psychiatry_Total_Patient_Care; Psychiatry_Research; Psychiatry_Patient_Care_Hospital_Residents; Psychiatry_Other_Professional_Activity; Psychiatry_65_74; Psychiatry_75_+
110,15,f0474818,Child_Psychiatric_Total,,Child Psychiatry Physician Workforce,Child_Psychiatric_Total; Child_Psychiatric_Patient_Care_Office_Based; Child_Psychiatric_Patient_Care_Hospital_Full_Time_Staff; Child_Psychiatric_Administration; Child_Psychiatric_Teaching; Child_Psychiatric_Other; Child_Psychiatric_Total_Patient_Care; Child_Psychiatric_Research; Child_Psychiatric_Patient_Care_Hospital_Residents; Child_Psychiatry_<_35; Child_Psychiatry_35_44; Child_Psychiatry_45_54; Child_Psychiatry_55_64; Child_Psychiatry_65_74; Child_Psychiatry_75_+
111,15,f0470918,Otolaryngolgy_Patient_Care_Hospital_Full_Time_Staff,,Otolaryngology Physician Workforce,Otolaryngolgy_Total; Otolaryngolgy_Patient_Care_Office_Based; Otolaryngolgy_Patient_Care_Hospital_Full_Time_Staff; Otolaryngolgy_Administration; Otolaryngolgy_Teaching; Otolaryngolgy_Other; Otolaryngolgy_Total_Patient_Care; Otolaryngolgy_Research; Otolaryngolgy_Patient_Care_Hospital_Resident; Otolaryngology_<_35; Otolaryngology_35_44; Otolaryngology_45_54; Otolaryngology_55_64; Otolaryngology_65_74; Otolaryngology_75_+
112,15,f0469518,Ophthalmolgy_Total,,Ophthalmology Physician Workforce,Ophthalmolgy_Total; Ophthalmolgy_Patient_Care_Office_Based; Ophthalmolgy_Patient_Care_Hospital_Full_Time_Staff; Ophthalmolgy_Administration; Ophthalmolgy_Teaching; Ophthalmolgy_Other; Ophthalmolgy_Total_Patient_Care; Ophthalmolgy_Research; Ophthalmolgy_Patient_Care_Hospital_Residents; Ophthalmology_<_35; Ophthalmology_35_44; Ophthalmology_45_54; Ophthalmology_55_64; Ophthalmology_65_74; Ophthalmology_75_+
113,15,f0474318,Anesthesiolgy_Total,,Anesthesiology Physician Workforce,Anesthesiolgy_Total; Anesthesiolgy_Patient_Care_Office_Based; Anesthesiolgy_Patient_Care_Hospital_Full_Time_Staff; Anesthesiolgy_Administration; Anesthesiolgy_Teaching; Anesthesiolgy_Other; Anesthesiolgy_Total_Patient_Care; Anesthesiolgy_Research; Anesthesiolgy_Patient_Care_Hospital_Resident; Anesthesiology_<_35; Anesthesiology_35_44; Anesthesiology_45_54; Anesthesiology_55_64; Anesthesiology_65_74; Anesthesiology_75_+
114,15,f0476318,Neurology_Total,,Neurology Physician Workforce,Neurology_Total; Neurology_Patient_Care_Office_Based; Neurology_Patient_Care_Hospital_Full_Time_Staff; Neurology_<_35; Neurology_35_44; Neurology_45_54; Neurology_55_64; Neurology_Administration; Neurology_Teaching; Neurology_Other; Neurology_Total_Patient_Care; Neurology_Research; Neurology_65_74; Neurology_75_+; Neurology_Patient_Care_Hospital_Residents
115,15,f0468518,Neurolgcal_Surgical_Total,,Neurological Surgery Physician Workforce,Neurolgcal_Surgical_Total; Neurolgcal_Surgical_Patient_Care_Office_Based; Neurolgcal_Surgical_Patient_Care_Hospital_Full_Time_Staff; Neurolgcal_Surgical_Administration; Neurolgcal_Surgical_Teaching; Neurolgcal_Surgical_Other; Neurolgcal_Surgical_Total_Patient_Care; Neurolgcal_Surgical_Research; Neurolgcal_Surgical_Patient_Care_Hospital_Resident; Neurological_Surgery_<_35; Neurological_Surgery_35_44; Neurological_Surgery_45_54; Neurological_Surgery_55_64; Neurological_Surgery_65_74; Neurological_Surgery_75_+
116,15,f0464118,Gastroenterology_Total,,Gastroenterology Physician Workforce,Gastroenterology_Total; Gastroenterology_Patient_Care_Office_Based; Gastroenterology_Patient_Care_Hospital_Full_Time_Staff; Gastroenterology_<_35; Gastroenterology_35_44; Gastroenterology_45_54; Gastroenterology_55_64; Gastroenterology_Administration; Gastroenterology_Teaching; Gastroenterology_Other; Gastroenterology_Total_Patient_Care; Gastroenterology_Research; Gastroenterology_65_74; Gastroenterology_75_+; Gastroenterology_Patient_Care_Hospital_Resident
117,15,f0471518,Colon_Rectal_Surgical_Total,,Colon and Rectal Surgery Physician Workforce,Colon_Rectal_Surgical_Total; Colon_Rectal_Surgical_Patient_Care_Office_Based; Colon_Rectal_Surgical_Patient_Care_Hospital_Full_Time_Staff; Colon_Rectal_Surgical_Administration; Colon_Rectal_Surgical_Teaching; Colon_Rectal_Surgical_Other; Colon_Rectal_Surgical_Total_Patient_Care; Colon_Rectal_Surgical_Research; Colon_Rectal_Surgical_Patient_Care_Hospital_Resident; Colon_&_Rectal_Surgery_<_35; Colon_&_Rectal_Surgery_35_44; Colon_&_Rectal_Surgery_45_54; Colon_&_Rectal_Surgery_55_64; Colon_&_Rectal_Surgery_65_74; Colon_&_Rectal_Surgery_75_+
118,15,f0472518,Urology_Total,,Urology Physician Workforce,Urology_Total; Urology_Patient_Care_Office_Based; Urology_Patient_Care_Hospital_Full_Time_Staff; Urology_<_35; Urology_35_44; Urology_45_54; Urology_55_64; Urology_Administration; Urology_Teaching; Urology_Other; Urology_Total_Patient_Care; Urology_Research; Urology_65_74; Urology_75_+; Urology_Patient_Care_Hospital_Residents
119,15,f0463618,Dermatology_Total,,Dermatology Physician Workforce,Dermatology_Total; Dermatology_Patient_Care_Office_Based; Dermatology_Patient_Care_Hospital_Full_Time_Staff; Dermatology_<_35; Dermatology_35_44; Dermatology_45_54; Dermatology_55_64; Dermatology_Administration; Dermatology_Teaching; Dermatology_Other; Dermatology_Total_Patient_Care; Dermatology_Research; Dermatology_65_74; Dermatology_75_+; Dermatology_Patient_Care_Hospital_Resident
120,15,f1167518,Allergy&Immunology_Total_Patient_Care,,Allergy and Immunology Physician Workforce,Allergy&Immunology_Total_Patient_Care; Allergy&Immunology_Patient_Care_Office_Based; Allergy&Immunology_Patient_Care_Hospital_Full_Time_Staff; Allergy&Immunology_Administration; Allergy&Immunology_Teaching; Allergy&Immunology_Research; Allergy&Immunology_Other; Allergy_&_Immunology_Total; Allergy_&_Immunology_<_35; Allergy_&_Immunology_35_44; Allergy_&_Immunology_45_54; Allergy_&_Immunology_55_64; Allergy_&_Immunology_65_74; Allergy_&_Immunology_75_+; Allergy&Immunology_Hospital_Resident
